dosya;gorev;metin;dogru;hata_turu;hata_kaniti;hata_aciklamasi
V001;G1;Madde bir metaldir.;evet;;;
V001;G1;Madde bakırdır, çünkü elektriği çok iyi iletiyor.;;kanitsiz;K2;Elektriği çok iyi ileten birçok metal var: gümüş, alüminyum, altın... Bu kanıt tek başına bakırı göstermez.
V001;G1;Maddenin yoğunluğu yüksektir, çünkü ısıyı iyi iletiyor.;;iliski;K3;"Isı iletkenliği ile yoğunluk farklı özelliklerdir; birinden diğeri çıkarılamaz. Alüminyum ısıyı iyi iletir ama yoğunluğu düşüktür."
V001;G1;Madde bir yarı metaldir, çünkü elektriği iletiyor.;;iliski;K2;Yarı metaller elektriği metaller kadar iyi iletmez. Telin direncinin çok düşük olması metalik iletkenliğe işaret eder.
V001;G3;"Hayır; tablodaki kobalt, nikel ve bakırın yoğunlukları ölçümün belirsizlik aralığına giriyor.";evet;;;
V001;G3;"Evet; 8,96 g/cm³ yalnızca bakıra aittir ve ölçüm 8,9'a çok yakındır.";;veri;K1;"Ölçüm 8,9 ± 0,1 g/cm³; yani 8,8 ile 9,0 arasındaki her değer olabilir. Tabloda bu aralığa giren birden fazla metal var."
V001;G3;"Evet; yoğunluk bir maddeyi tek başına tanımlayan bir özelliktir.";;kanitsiz;K7;Yoğunluk ayırt edici bir özelliktir ama farklı maddelerin yoğunlukları birbirine çok yakın olabilir. Tablo bunun bir örneğini gösteriyor.
V001;G3;"Hayır; çünkü yoğunluk g/cm³ ile değil kilogram ile ölçülür.";;birim;K1;"Yoğunluk kütlenin hacme oranıdır; birimi g/cm³ ya da kg/m³ olur. Kilogram yalnızca kütle birimidir."
V001;G4;Mıknatıs testi;evet;;;
V001;G4;Erime noktasını ölçmek;;veri;K7;Erime noktaları gerçekten farklı, ama bu ölçüm örneği eritmeyi gerektirir. Soru örneği bozmadan yapılabilecek testi soruyor.
V001;G4;Yoğunluğu aynı yöntemle bir kez daha ölçmek;;birim;K1;Aynı yöntemle yapılan yeni ölçümün belirsizliği yine ±0,1 g/cm³ olur. Bu belirsizlik, yoğunlukları birbirine 0,1 g/cm³'ten daha yakın olan metalleri ayırmaya yetmez.
V001;G4;Elektriği iletip iletmediğini denemek;;kanitsiz;K2;Üç aday da metaldir ve elektriği iletir. 'İletiyor mu?' sorusunun cevabı üçü için de 'evet' olacağından bu test adayları ayırmaz.
V001;G5;Kobalt;evet;;;
V001;G5;Nikel;evet;;;
V001;G5;Bakır;;veri;K7;"Tabloya göre bakır mıknatısa çekilmez; yani örnekle aynı davranıyor. Mıknatıs testi bakırı elemez."
V001;G5;"Hiçbirini; mıknatıs testi metalleri birbirinden ayırmaz.";;kanitsiz;K7;Tablodaki 'Mıknatısa çekilir mi?' sütunu metallerin bu testte farklı davrandığını gösteriyor.
V001;G7;Elektriği çok iyi iletir ve kolayca ince tel hâline getirilebilir.;evet;;;
V001;G7;Yoğunluğu yüksek olduğu için akımı daha hızlı taşır.;;iliski;K7;Yoğunluk iletkenliği belirlemez: tablodaki nikel bakırla neredeyse aynı yoğunlukta ama çok daha az iletir.
V001;G7;Mıknatısa çekilmediği için elektriği iletir.;;kanitsiz;K8;Mıknatısa çekilmemek ile elektriği iletmek farklı özelliklerdir. Tablodaki demir mıknatısa çekildiği hâlde elektriği iletir.
V001;G7;Erime noktası yüksek olduğu için içinden akım geçerken hiç ısınmaz.;;veri;K7;"Akım geçen her tel bir miktar ısınır. Erime noktası telin ne kadar ısıya dayanabileceğiyle ilgilidir; iletkenliğin nedeni değildir."
V001;G8;Gümüş;1;;;
V001;G8;Bakır;2;;;
V001;G8;Alüminyum;3;;;
V001;G8;Demir;4;;;
V001;G9;"Gümüş çok daha az bulunur ve pahalıdır; bakır hem çok iyi iletir hem de daha bol ve ucuzdur.";evet;;;
V001;G9;Gümüş tel hâline getirilemez.;;iliski;;Gümüş de kolayca işlenip tel hâline getirilebilen bir metaldir. Bu seçenek gerçeği yansıtmıyor.
V001;G9;"Tablo yanlıştır; aslında bakır gümüşten daha iyi iletir.";;veri;K7;Tablodaki değerler güvenilir bir kaynaktan alınmıştır. Bir veriyi reddetmek için onunla çelişen başka bir kanıt gerekir.
V001;G9;Gümüş mıknatısa çekildiği için kablolarda tehlikelidir.;;veri;K7;Tabloya göre gümüş mıknatısa çekilmez.
V001;G10;"Geçersizdir; birlikte artmaları birinin diğerine neden olduğunu göstermez. Üstelik nikel bakırla neredeyse aynı yoğunlukta ama çok daha az iletiyor.";evet;;;
V001;G10;"Geçerlidir; üç örnekte de aynı eğilim görülüyor.";;kanitsiz;K7;Seçilmiş üç örnek bir eğilimi kanıtlamaya yetmez. Tablonun tamamına bakınca bu eğilime uymayan metaller görülüyor.
V001;G10;"Geçerlidir; yoğun metallerde daha çok atom olduğu için daha çok elektron akar.";;iliski;K7;Bu açıklama kulağa mantıklı geliyor ama verilerle çelişiyor: tablodaki demir, kobalt ve nikel yoğun oldukları hâlde iletkenlikleri düşük.
V001;G10;"Geçersizdir; çünkü yoğunluk ile iletkenliğin birimleri farklı olduğu için karşılaştırılamazlar.";;birim;K7;Birimleri farklı iki nicelik arasında da ilişki aranabilir. Sorun birimler değil, bir ilişkiden neden-sonuç çıkarılmasıdır.
V001;G11;Su tesisatı boruları;evet;;;
V001;G11;Çatı kaplamaları;evet;;;
V001;G11;Madeni paralar (bakır alaşımları);evet;;;
V001;G11;Uçak gövdeleri;;iliski;K7;Uçak gövdelerinde hafif metaller (örneğin alüminyum alaşımları) tercih edilir. Bakırın yoğunluğu alüminyumun üç katından fazla.
V001;G11;Termometrelerdeki parlak sıvı metal;;iliski;K7;Oda sıcaklığında sıvı olan metal cıvadır. Bakır ancak yaklaşık 1085 °C'de erir.
V001;G12;"Alaşım saf bakırdan daha sert ve dayanıklıdır; sürekli kullanılan eşyalarda daha az aşınır.";evet;;;
V001;G12;Alaşım elektriği saf bakırdan daha iyi iletir.;;iliski;;Alaşımlar genellikle elektriği saf metalden daha az iletir. Üstelik musluk ve kapı kolunda iletkenlik aranan bir özellik değildir.
V001;G12;Çinko eklenince metal mıknatısa çekilir hâle gelir, böylece eşyalar kolay tutturulur.;;kanitsiz;;"Bu iddiayı destekleyen bir kanıt yok; pirinç mıknatısa çekilmez."
V001;G12;Alaşımın erime noktası saf bakırınkinden çok daha yüksektir.;;veri;;Pirincin erime noktası saf bakırınkinden düşüktür. Ayrıca musluk ve kapı kolunun erime noktasıyla ilgili bir ihtiyacı yoktur.
V001;G13;Sembol, metalin Latince adı 'cuprum'dan gelir.;evet;;;
V001;G13;Sembol, İngilizce adı 'copper'ın ilk iki harfinden gelir.;;veri;K10;"'copper' kelimesinin ilk iki harfi 'Co' olurdu; bu da kobaltın sembolüdür. Arşiv notunu yeniden oku."
V001;G13;'B' sembolü bora ait olduğu için rastgele başka harfler seçilmiştir.;;kanitsiz;K10;"Element sembolleri rastgele seçilmez; çoğu, elementin Latince ya da Yunanca adından gelir."
V001;G13;Sembol, bu metali ilk bulan bilim insanının adından gelir.;;kanitsiz;K10;"Bakır tarih öncesi çağlardan beri kullanılıyor; onu ilk bulan bilinen bir bilim insanı yok."
V001;G14;"Antik Çağ'da bu metalin önemli bir kaynağı Kıbrıs adasıydı; metal adını oradan aldı.";evet;;;
V001;G14;"Latincede 'kırmızı metal' anlamına gelir; metal adını renginden alır.";;iliski;K10;Bakır kırmızımsı renkte olduğu için bu açıklama akla yatkın görünebilir, ama arşiv notunda renkten söz edilmiyor. K10'u yeniden oku.
V001;G14;Onu ilk işleyen Romalı ustanın adından gelir.;;kanitsiz;K10;"Arşiv notunda bir kişi adından söz edilmiyor; bu iddiayı destekleyen kanıt yok."
V001;G14;'Kablo' anlamına gelen bir kelimeden gelir, çünkü en çok kablolarda kullanılır.;;iliski;K10;Bakırın adı, elektrik kablolarının icadından binlerce yıl önce verilmişti.
V001;G16;"4. periyodun d bloğunda yoğunluğu ölçümle uyumlu üç metal var (kobalt, nikel, bakır); bunlardan mıknatısa çekilmeyen tek metal bakır.";evet;;;
V001;G16;Elektriği iyi ilettiği ve kablolarda kullanıldığı için kesinlikle bakırdır.;;kanitsiz;K6;Elektriği iyi ileten ve kablolarda kullanılan başka metaller de var (örneğin alüminyum). Bu kanıtlar ayırt edici değil.
V001;G16;Yoğunluğu 8,96 g/cm³ olduğu için başka bir metal olamaz.;;birim;K1;Ölçülen yoğunluk 8,96 değil, 8,9 ± 0,1 g/cm³. Ölçümün belirsizliği içinde birden fazla metal var.
V001;G16;Sembolü iki harfli olduğu için bakırdır.;;kanitsiz;K5;"Elementlerin çoğunun sembolü iki harflidir; bu kanıt neredeyse hiçbir adayı elemez."
V001;G17;"Nikel: yoğunluğu ölçümle uyumlu (8,90 g/cm³), ama mıknatısa çekilir; örnek ise çekilmedi.";evet;;;
V001;G17;Alüminyum: kablolarda kullanılır, ama yoğunluğu 2,70 g/cm³ olduğu için hemen elenir.;;veri;K7;Bu ifade doğru, ama alüminyum ölçülen yoğunluktan çok uzak olduğu için en ciddi alternatif değildi. Soru, elenmesi en zor adayı soruyor.
V001;G17;Gümüş: elektriği bakırdan iyi iletir, bu yüzden tel gümüş olabilir.;;kanitsiz;K4;"Gümüş 5. periyottadır; kısmi analiz raporu onu baştan eler. Daha iyi iletken olması bu teli gümüş yapmaz."
V001;G17;Kobalt: yoğunluğu ölçümle uyumludur ve mıknatısa çekilmez.;;veri;K7;Tabloya göre kobalt mıknatısa çekilir.
V002;G1;Gaz, aynı hacimdeki havadan daha hafiftir.;evet;;;
V002;G1;Gaz yanıcıdır.;;iliski;K1;"Yükselmek yoğunlukla ilgilidir; bir gazın yanıcı olup olmadığı hakkında bilgi vermez."
V002;G1;Gaz kesinlikle helyumdur.;;kanitsiz;K4;"Havadan hafif tek gaz helyum değildir; tabloda başka gazlar da var."
V002;G1;Gazın sıcaklığı havanınkinden yüksektir.;;veri;K1;"Sıcak hava balonları bu yüzden yükselir; ama bu balon üç gündür oda sıcaklığında havada duruyor. İçindeki gaz çoktan oda sıcaklığına inmiş olmalı."
V002;G2;Hidrojen;evet;;;
V002;G2;Helyum;evet;;;
V002;G2;Neon;evet;;;
V002;G2;Argon;;veri;K4;"Argonun yoğunluğu (0,001633) havanınkinden (0,0012) büyük; argonla dolu bir balon yere düşer."
V002;G3;Hidrojeni: hidrojen yanıcıdır, ama örnek yanmadı.;evet;;;
V002;G3;Neonu: neon yanıcıdır.;;veri;K4;Tabloya göre neon yanıcı değildir.
V002;G3;Hiçbirini: üç gaz da yanmaz.;;veri;K4;"Tabloda hidrojenin yanıcı olduğu yazıyor; Hindenburg kaydı da bunu gösteriyor."
V002;G3;Helyumu: yanmayan bir gaz balonda kullanılamaz.;;iliski;K2;"Yanmamak bir gazın balonda kullanılmasını engellemez; tam tersine onu güvenli yapar."
V002;G4;Gazdan elektrik geçirip yaydığı ışığın spektrumuna bakmak;evet;;;
V002;G4;Gazın kokusuna bakmak;;kanitsiz;K3;"İki gaz da kokusuzdur; koku testi onları ayırmaz."
V002;G4;Kıvılcım testini yeniden yapmak;;veri;K2;"Bu test zaten yapıldı; iki aday da yanmaz. Testi yinelemek yeni bilgi vermez."
V002;G4;Balonun rengine bakmak;;iliski;K1;"Balonun rengi lastikten gelir; içindeki gaz hakkında bilgi vermez."
V002;G6;Dünya'da bulunmadan önce Güneş'in ışığındaki sarı bir çizgiden fark edildi.;evet;;;
V002;G6;Güneş ışığında ısınınca balonları yükselttiği için.;;iliski;K1;Balonlar ısındıkları için değil, helyum havadan hafif olduğu için yükselir. Ad keşfin hikâyesinden gelir.
V002;G6;Rengi Güneş gibi sarı olduğu için.;;veri;K3;"Helyum renksizdir; sarı olan, yaydığı ışığın spektrumundaki bir çizgidir."
V002;G6;Onu bulan bilim insanının adı Helios olduğu için.;;kanitsiz;K7;Arşiv notunda böyle bir kişiden söz edilmiyor.
V002;G7;"Helyum hidrojen kadar olmasa da havadan çok hafiftir ve hiç yanmaz; bu yüzden çok daha güvenlidir.";evet;;;
V002;G7;Helyum hidrojenden daha hafiftir.;;veri;K4;Tabloya göre hidrojen (0,000082) helyumdan (0,000164) daha hafiftir.
V002;G7;Helyum oksijenle birleşip balonu soğutur.;;kanitsiz;K2;"Helyum hiçbir maddeyle tepkimeye girmez; bu iddiayı destekleyen bir kanıt yok."
V002;G7;Helyum renksiz olduğu için balonun rengini bozmaz.;;iliski;K3;"Hidrojen de renksizdir; renk bu seçimin nedeni olamaz."
V003;G1;"Metal demir değildir; ama bu kanıt tek başına hangi metal olduğunu söylemez.";evet;;;
V003;G1;Metal alüminyumdur, çünkü alüminyum mıknatısa çekilmez.;;kanitsiz;K6;Mıknatısa çekilmeyen başka metaller de var: bakır, magnezyum, titanyum. Bu kanıt tek başına yetmez.
V003;G1;Metal elektriği iletmez.;;iliski;K6;"Mıknatısa çekilmek ile elektriği iletmek farklı özelliklerdir; bakır mıknatısa çekilmez ama elektriği çok iyi iletir."
V003;G1;Metal çok hafiftir.;;iliski;K6;Mıknatısa çekilmemek ile yoğunluk arasında bir bağ yok: tablodaki bakır hem yoğun hem de mıknatısa çekilmiyor.
V003;G2;Yalnızca alüminyum (2,70 g/cm³);evet;;;
V003;G2;Magnezyum (1,74 g/cm³), çünkü o da hafif bir metal;;veri;K1;1,74 g/cm³, ölçümün belirsizlik aralığının (2,6–2,8) çok dışında.
V003;G2;Titanyum (4,506 g/cm³), çünkü uçaklarda kullanılır;;iliski;K1;"Bir kullanım alanı kimlik kanıtı değildir; titanyumun yoğunluğu ölçümle uyuşmuyor."
V003;G2;"Hiçbiri; yoğunluk g/cm³ ile değil kilogram ile ölçülmeliydi";;birim;K1;"Yoğunluğun birimi g/cm³ ya da kg/m³ olur; kilogram yalnızca kütle birimidir."
V003;G4;İçecek kutuları;evet;;;
V003;G4;Uçak gövdesi parçaları (alaşım olarak);evet;;;
V003;G4;Elektrik iletim hatlarındaki teller;evet;;;
V003;G4;Kalıcı mıknatıs yapımı;;iliski;K3;"Alüminyum mıknatısa çekilmez; mıknatıs yapımında kullanılamaz."
V003;G4;Dalgıçların beline taktığı ağırlıklar;;iliski;K1;"Dalgıç ağırlıkları için çok yoğun bir metal gerekir; alüminyum çok hafiftir."
V003;G5;"Alüminyum bakırdan daha az iletir ama çok daha hafif ve ucuzdur; aynı kütleyle neredeyse iki kat iletkenlik sağlar.";evet;;;
V003;G5;Alüminyum elektriği bakırdan daha iyi iletir.;;veri;K6;Tabloya göre aynı koşullarda bakır (59,6) alüminyumdan (35,5) daha iyi iletir.
V003;G5;Alüminyum mıknatısa çekilmediği için elektriği daha iyi iletir.;;kanitsiz;K3;Mıknatısa çekilmemek ile iletkenlik arasında bir neden-sonuç ilişkisi yok.
V003;G5;Alüminyum paslanmadığı için içinden daha çok akım geçer.;;iliski;K5;Korozyona dayanıklılık telin uzun ömürlü olmasını sağlar ama iletkenliğin nedeni değildir.
V003;G6;Latincede 'acı tuz' anlamına gelen 'alumen' (şap) kelimesinden;evet;;;
V003;G6;Onu ilk elde eden bilim insanının adından;;kanitsiz;K7;Ørsted alüminyumu ilk elde eden kişidir ama ad onun adından gelmez.
V003;G6;Mutfak folyosunun icadından;;iliski;K7;Ad, folyonun icadından çok önce verildi.
V003;G6;Latincede 'hafif' anlamına gelen bir kelimeden;;iliski;K7;Alüminyum hafif olduğu için bu açıklama akla yatkın görünebilir, ama arşiv notunda böyle yazmıyor.
V003;G7;"Ölçülen yoğunluk (2,7 ± 0,1 g/cm³) tablodaki metallerden yalnızca alüminyumla uyuşuyor; mıknatısa çekilmemesi ve gümüşi beyaz rengi de bununla uyumlu.";evet;;;
V003;G7;Üç eşya da hafif olduğu için alüminyum olmalı.;;kanitsiz;K6;"Magnezyum da hafiftir; 'hafif' demek yetmez, ölçülen değer gerekir."
V003;G7;Mıknatısa çekilmedikleri için alüminyumdurlar.;;kanitsiz;K3;"Mıknatısa çekilmeyen birçok metal var; bu kanıt tek başına yetmez."
V003;G7;Tedarikçi 'aynı metal' dediği için üçü de alüminyumdur.;;kanitsiz;;"Tedarikçinin sözü bir kanıt değildir; iddia ölçümlerle sınanmalı."
V004;G1;"Hayır; iz bırakan ve yumuşak olan başka maddeler de var. Bu gözlem tek başına yetmez.";evet;;;
V004;G1;"Evet; adı 'kurşun kalem' olduğuna göre içinde kurşun vardır.";;kanitsiz;;Bir eşyanın adı, içeriği hakkında kanıt değildir. Adlar çoğu zaman tarihsel nedenlerle verilir.
V004;G1;"Evet; kâğıtta yalnızca metaller iz bırakır.";;iliski;K1;Odun kömürü ve tebeşir gibi metal olmayan maddeler de iz bırakır.
V004;G1;"Hayır; kurşun sert bir metaldir, iz bırakamaz.";;veri;K5;Kurşun aslında yumuşak bir metaldir. Doğru cevap 'hayır' ama gerekçe yanlış: asıl sorun bu kanıtın yetersiz olması.
V004;G2;"Ölçülen değer grafitle uyumlu; kurşunun yoğunluğu bunun beş katından fazla.";evet;;;
V004;G2;"Kurşunla uyumlu; ölçüm hatalı olmalı.";;veri;K3;Bir ölçümü beklenen sonucu vermediği için hatalı saymak bilimsel değildir. 2,2 ile 11,3 arasındaki fark ölçüm belirsizliğiyle açıklanamaz.
V004;G2;"Karar verilemez; çünkü yoğunlukların birimleri farklı.";;birim;K5;Tablodaki ve ölçümdeki birimler aynı: g/cm³.
V004;G2;Kurşun ve grafitin yoğunlukları neredeyse aynı.;;veri;K5;Tabloyu yeniden oku.
V004;G3;Uçtaki siyah madde karbon içerir, çünkü yanınca karbondioksit oluştu.;evet;;;
V004;G3;Kalem ucu saf bir madde değil, bir karışımdır, çünkü geriye yanmayan bir kalıntı kaldı.;evet;;;
V004;G3;Kalıntı kurşundur.;;kanitsiz;K4;"Kalıntının kurşun olduğunu gösteren bir kanıt yok; kalıntı açık renkli. Kurşun mavimsi gri bir metaldir (K5)."
V004;G3;Karbondioksit oluştuğuna göre uçta oksijen elementi vardır.;;iliski;K4;"Oksijen, yakmak için ortama verildi; karbondioksitteki oksijen buradan gelir."
V004;G5;"Grafit bulunduğunda insanlar onu bir tür kurşun sandı; ad bu yanılgıdan kaldı.";evet;;;
V004;G5;Kalem uçlarına bugün de az miktarda kurşun katılır.;;kanitsiz;K3;"Bu iddiayı destekleyen bir kanıt yok; ölçümler uçta grafit olduğunu gösteriyor."
V004;G5;Grafit, kurşunun bir alaşımıdır.;;iliski;K5;Grafit bir metal alaşımı değil, karbon elementinin bir biçimidir.
V004;G5;Kalemi icat eden kişinin soyadı 'Kurşun'du.;;kanitsiz;K6;Arşiv notunda böyle bir bilgi yok.
V004;G6;"Karbon atomları üst üste dizilmiş katmanlar oluşturur; katmanlar birbirinin üzerinden kolayca kayar ve kâğıtta kalır.";evet;;;
V004;G6;Grafit elektriği ilettiği için kâğıda yapışır.;;iliski;K2;"Elektrik iletkenliği iz bırakmanın nedeni değildir; ikisi de grafitin yapısından kaynaklanır."
V004;G6;Grafit sıvı olduğu için kâğıda akar.;;veri;K1;"Grafit katıdır; oda sıcaklığında erimez."
V004;G6;Grafit kurşundan daha ağır olduğu için iz bırakır.;;veri;K5;Grafit kurşundan çok daha hafiftir (2,2'ye karşı 11,3 g/cm³).
V004;G7;Karbon atomlarının diziliş biçimi farklıdır: elmasta her atom komşularına sıkıca bağlıdır, grafitte ise kolayca kayan katmanlar vardır.;evet;;;
V004;G7;"Elmas daha saf karbondur; grafite kurşun karışmıştır.";;kanitsiz;K4;Grafitte kurşun olduğunu gösteren bir kanıt yok.
V004;G7;Elmas ile grafit aslında farklı elementlerdir.;;veri;K7;Tennant'ın deneyi elmasın yanınca yalnızca karbondioksit verdiğini, yani karbon olduğunu gösterdi.
V004;G7;Elmas, grafitin donmuş hâlidir.;;iliski;K5;"Grafit zaten katıdır; donma sıvıdan katıya geçiştir."
V005;G1;"Oda sıcaklığında sıvı olan bir metaldir; bu, çok nadir görülen bir durumdur.";evet;;;
V005;G1;Su bazlı bir sıvıdır, çünkü elektriği iletiyor.;;iliski;K2;"Bu madde gümüş renkli, metalik parlak ve çok yoğun; suyla açıklanamaz."
V005;G1;"Erimiş hâlde bir metaldir; termometre çok ısınmış olmalı.";;kanitsiz;K1;"Gözlem oda sıcaklığında (20 °C) yapıldı; madde erimek için ısıtılmadı."
V005;G1;Bir gazdır, çünkü damlacıklar yuvarlak.;;iliski;K1;"Damlacık oluşturmak sıvıların özelliğidir; gaz damlacık oluşturmaz."
V005;G2;Cıva;evet;;;
V005;G2;Galyum;;veri;K3;"Galyumun erime noktası 29,8 °C; 20 °C'de katıdır. Elde tutulunca eriyebilir ama oda sıcaklığında katıdır."
V005;G2;Sezyum;;veri;K3;"Sezyumun erime noktası 28,5 °C; 20 °C'de katıdır."
V005;G2;Rubidyum;;veri;K3;"Rubidyumun erime noktası 39,3 °C; 20 °C'de katıdır."
V005;G3;"Evet; 13,5 ± 0,2 g/cm³ cıvanın yoğunluğuyla (13,53) uyumlu, diğer metallerinkiyle uyumsuz.";evet;;;
V005;G3;"Hayır; sıvılar katılardan her zaman daha hafiftir.";;iliski;K3;Bu genelleme yanlış: tablodaki sıvı cıva, katı galyumdan iki kattan daha yoğun.
V005;G3;"Evet; ama galyum da bu yoğunlukla uyumlu.";;veri;K3;"Galyumun yoğunluğu 5,91 g/cm³; ölçümden çok farklı."
V005;G3;"Karar verilemez; sıvıların yoğunluğu ölçülemez.";;birim;K2;"Sıvıların da yoğunluğu ölçülür; örneğin suyunki yaklaşık 1 g/cm³'tür."
V005;G5;Sembol, Latince 'hydrargyrum' (su gümüşü) adından gelir.;evet;;;
V005;G5;Sembol, cıvanın Almanca adından gelir.;;kanitsiz;K5;Arşiv notunda sembolün Latince addan geldiği yazıyor.
V005;G5;"H hidrojenden, g gümüşten gelir; cıva bu ikisinin bileşiğidir.";;iliski;K5;"Cıva bir elementtir, bileşik değildir. 'Hydrargyrum' 'su' ve 'gümüş' anlamındaki kelimelerden oluşur; bu, cıvanın hidrojen ya da gümüş içerdiği anlamına gelmez."
V005;G5;Sembol rastgele seçilmiştir.;;kanitsiz;K5;"Element sembolleri rastgele seçilmez; çoğu elementin Latince ya da Yunanca adından gelir."
V005;G6;"Geniş bir sıcaklık aralığında sıvı kalır ve ısındıkça düzenli genleşir; parlak rengi ince tüpte kolay okunur.";evet;;;
V005;G6;Elektriği iyi ilettiği için sıcaklığı elektrikle ölçer.;;iliski;K4;"Cıvalı termometre elektrikle çalışmaz; sıvının genleşmesiyle ölçer."
V005;G6;Çok yoğun olduğu için tüpte yükselmez.;;veri;K2;"Termometrede cıva ısındıkça genleşip yükselir; yoğunluğu bunu engellemez."
V005;G6;Zehirli olduğu için mikropları öldürür.;;iliski;K6;"Zehirlilik termometrenin çalışmasıyla ilgili değildir; tam tersine cıvalı termometrelerin terk edilme nedenidir."
V005;G7;"Cıva ve buharı zehirlidir; damlacıklara dokunulmamalı, süpürülmemeli ve elektrikli süpürgeyle çekilmemeli. Ortam havalandırılmalı, temizliği eğitimli kişiler yapmalı.";evet;;;
V005;G7;"Cıva sıvı olduğu için zararsızdır; süpürülebilir.";;iliski;K6;Bir maddenin sıvı olması zararsız olduğunu göstermez.
V005;G7;Tek tehlike elektrik çarpmasıdır, çünkü cıva elektriği iletir.;;veri;K6;Güvenlik notu asıl tehlikenin zehirlilik olduğunu söylüyor.
V005;G7;Damlacıklar suyla yıkanırsa kendiliğinden yok olur.;;kanitsiz;;"Bu iddiayı destekleyen bir kanıt yok; cıva suyla yok olmaz."
V006;G1;Yakıtın atomları oksijenle birleşince su oluşuyor.;evet;;;
V006;G1;Otobüs yakıt olarak su kullanıyor.;;iliski;K1;"Su yanmaz ve enerji vermez; su, yakıtın oksijenle birleşmesinin sonucudur."
V006;G1;Yakıt, kömür gibi karbon içeriyor.;;veri;K1;"Karbon içeren bir yakıt yanınca is ve karbondioksit çıkar; camda is görülmedi (K1)."
V006;G3;Oksijenle birleşip enerji verirken geriye yalnızca su bırakıyor;evet;;;
V006;G3;Hiç enerji vermediği için çevreye zarar vermiyor;;iliski;K1;"Otobüs bu gazla çalışıyor; yani gaz enerji veriyor. Temiz olmasının nedeni atığının yalnızca su olması."
V006;G3;Havadan ağır olduğu için yere çöküp dağılmadığı için;;veri;K2;"Hidrojen bilinen en hafif gazdır (K2); havadan ağır değil."
V006;G3;Renksiz ve kokusuz olduğu için;;iliski;K2;Renk ve koku, bir yakıtın atığını belirlemez. Önemli olan yandığında ne oluştuğu.
V006;G4;Yunanca 'su oluşturan' anlamına gelen sözcükler;evet;;;
V006;G4;Almanca 'cin, kötü ruh' anlamına gelen kobald;;veri;K4;Bu, kobalt elementinin adının kökeni. Arşiv notunu yeniden oku.
V006;G4;Kaliforniya eyaleti ve üniversitesi;;veri;K4;Bu, kaliforniyum elementinin adının kökeni. Arşiv notunu yeniden oku.
V007;G1;Gaz yanmayı güçlü biçimde destekliyor.;evet;;;
V007;G1;Gaz yanmayı söndürüyor.;;veri;K1;"Çubuk sönmedi; tam tersine yeniden alev aldı (K1)."
V007;G1;Gazın kendisi bir yakıttır.;;iliski;K1;"Yanan, tahta çubuktur. Gaz yanmayı destekler; bu onu yakıt yapmaz."
V007;G3;"Hücrelerin enerji üretmek için oksijene ihtiyacı var; seyrek havada her nefeste yeterince oksijen alınamıyor";evet;;;
V007;G3;Gaz vücudu ısıttığı için;;iliski;K2;"Soluduğumuz oksijen vücudu doğrudan ısıtmaz; hücrelerin enerji üretmesini sağlar."
V007;G3;Gaz havadan hafif olduğu için dağcıyı hafifletir;;iliski;K2;"Soluduğumuz gaz vücudu hafifletmez; dağcının ihtiyacı nefesle yeterli oksijen almak (K2)."
V007;G3;Yüksekte havada hiç oksijen kalmadığı için;;veri;K2;"Havada hâlâ oksijen var; ama basınç düştüğü için her nefeste daha az oksijen giriyor (K2)."
V007;G4;Yunanca 'asit oluşturan' anlamına gelen sözcükler;evet;;;
V007;G4;Latince 'çakmaktaşı' anlamına gelen silex;;veri;K4;Bu, silisyum elementinin adının kökeni. Arşiv notunu yeniden oku.
V007;G4;Yunanca 'kararsız' anlamına gelen astatos;;veri;K4;Bu, astatin elementinin adının kökeni. Arşiv notunu yeniden oku.
V008;G1;Çok soğuk gaz, havadaki su buharını soğutup minik damlacıklara dönüştürür.;evet;;;
V008;G1;Sis, gazın kendi rengidir.;;veri;K2;"Gaz renksizdir (K2); görülen beyazlık başka bir şeyden kaynaklanıyor."
V008;G1;Sıvı yanıyor ve duman çıkarıyor.;;iliski;K1;"Ortada alev yok; sıvı yanmıyor, kaynıyor (K1). Sis bir duman değil."
V008;G3;"Çok soğuk olduğu için dondurmayı çok hızlı dondurur; buharlaşıp gittiği için de dondurmada kalmaz";evet;;;
V008;G3;Dondurmaya tat ve renk kattığı için;;veri;K2;"Gaz renksiz ve kokusuz (K2); dondurmada da kalmıyor, buharlaşıp gidiyor."
V008;G3;Dondurmanın besin değerini artırdığı için;;kanitsiz;K1;"Bu gazın dondurmaya besin kattığını gösteren bir kanıt yok; gaz tamamen buharlaşıyor."
V008;G3;Yanıcı olduğu için karışımı ısıtıp kıvamlandırdığı için;;veri;K1;Sıvı karışımı ısıtmıyor, −196 °C'de dondurur (K1).
V008;G4;Metal;;veri;K3;Metaller tablonun solunda ve ortasında yer alır. Azot ise tablonun sağ üst bölümünde, ametaller arasında bulunur.
V008;G4;Ametal;evet;;;
V008;G4;Yarı metal;;veri;K3;Yarı metaller metallerle ametalleri ayıran merdiven çizgisi boyunca dizilir: B, Si, Ge, As, Sb, Te. Azot ise tablonun sağ üst bölümünde, ametaller arasında bulunur.
V008;G4;Soy gaz;;veri;K3;Soy gazlar 8A grubunda yer alır. Azot ise tablonun sağ üst bölümünde, ametaller arasında bulunur.
V009;G1;Metal nem ve oksijenle tepkimeye girip pas oluşturdu.;evet;;;
V009;G1;Çivi boyandı.;;kanitsiz;K2;"Çiviye boya sürüldüğüne dair bir kanıt yok; renk kendiliğinden oluştu."
V009;G1;Metal eriyip rengi değişti.;;iliski;K2;Nemli havada bir metal erimez. Renk değişimi kimyasal bir tepkimeden kaynaklanıyor.
V009;G3;Yüzeydeki tozun içinde bol miktarda pas, yani demir oksit bulunması;evet;;;
V009;G3;Mars'ın Güneş'e çok yakın olup kızarması;;veri;K1;"Mars, Güneş'e Dünya'dan daha uzaktır; renk sıcaklıktan değil, tozun bileşiminden geliyor (K1)."
V009;G3;Mars'ta sıvı demir göllerinin bulunması;;kanitsiz;K1;"Ölçümler tozda demirin oksidini buldu (K1); sıvı demir gölü gösteren bir kanıt yok."
V009;G3;Kırmızı rengin Mars atmosferindeki oksijenden gelmesi;;iliski;K1;Oksijen gazı renksizdir. Kırmızı renk, oksijenin demirle oluşturduğu bileşikten gelir.
V009;G4;Metal;evet;;;
V009;G4;Ametal;;veri;K3;Ametaller (hidrojen dışında) tablonun sağ üst bölümünde yer alır. Demir ise tablonun solunda ve ortasında, metaller bölgesinde bulunur.
V009;G4;Yarı metal;;veri;K3;Yarı metaller metallerle ametalleri ayıran merdiven çizgisi boyunca dizilir: B, Si, Ge, As, Sb, Te. Demir ise tablonun solunda ve ortasında, metaller bölgesinde bulunur.
V009;G4;Soy gaz;;veri;K3;Soy gazlar 8A grubunda yer alır. Demir ise tablonun solunda ve ortasında, metaller bölgesinde bulunur.
V010;G1;Lambadaki element sofra tuzunda da bulunan bir elementtir.;evet;;;
V010;G1;Lambanın içinde sofra tuzu yanıyor.;;kanitsiz;K2;"Aynı rengi vermeleri, aynı elementi içerdiklerini gösterir; lambanın içinde tuz olduğunu göstermez."
V010;G1;Bütün tuzlar alevi sarıya boyar.;;kanitsiz;K2;Tek bir deney bütün tuzlar hakkında sonuç çıkarmaya yetmez. Farklı elementler alevi farklı renklere boyar.
V010;G3;Sodyum buharı elektrikle uyarılınca çok az enerjiyle çok parlak sarı ışık verdiği için;evet;;;
V010;G3;Renkleri olduğu gibi gösterdiği için;;veri;K1;Lambanın altında renkler ayırt edilemiyor (K1).
V010;G3;Hiç elektrik harcamadığı için;;veri;K1;"Lamba elektrikle çalışıyor; yalnızca harcadığı elektriğe göre çok ışık veriyor."
V010;G3;Sodyum metali havada parladığı için;;iliski;K1;"Işık, elektrik akımının sodyum buharını uyarmasından gelir; metalin parlaklığından değil."
V010;G4;Metal;evet;;;
V010;G4;Ametal;;veri;K3;Ametaller (hidrojen dışında) tablonun sağ üst bölümünde yer alır. Sodyum ise tablonun solunda ve ortasında, metaller bölgesinde bulunur.
V010;G4;Yarı metal;;veri;K3;Yarı metaller metallerle ametalleri ayıran merdiven çizgisi boyunca dizilir: B, Si, Ge, As, Sb, Te. Sodyum ise tablonun solunda ve ortasında, metaller bölgesinde bulunur.
V010;G4;Soy gaz;;veri;K3;Soy gazlar 8A grubunda yer alır. Sodyum ise tablonun solunda ve ortasında, metaller bölgesinde bulunur.
V011;G1;Taş, asitle karşılaşınca gaz (karbondioksit) çıkaran bir karbonat içeriyor.;evet;;;
V011;G1;Taş sofra tuzudur.;;veri;K1;"Sofra tuzu sirkeyle köpürmez; gaz çıkışı karbonatların özelliğidir."
V011;G1;Taş erimekte olan kardır.;;veri;K2;Kar sirkeyle köpürmez ve sıcak suyun yanında kalamaz.
V011;G3;Sudaki çözünmüş kalsiyum bileşiği, su karbondioksit kaybedince kalsiyum karbonat olarak çöker;evet;;;
V011;G3;Suyun donup buz tutmasıyla;;veri;K2;"Kaynak suyu ılıktır (K2); basamaklar buzdan değil taştan."
V011;G3;Sudaki sofra tuzunun kurumasıyla;;veri;K1;"Taş sirkeyle köpürüyor (K1); sofra tuzu köpürmez."
V011;G3;İnsanların taşları beyaza boyamasıyla;;kanitsiz;K2;Basamakların doğal olarak, sudan çökelerek oluştuğu gözleniyor (K2).
V011;G4;Metal;evet;;;
V011;G4;Ametal;;veri;K3;Ametaller (hidrojen dışında) tablonun sağ üst bölümünde yer alır. Kalsiyum ise tablonun solunda ve ortasında, metaller bölgesinde bulunur.
V011;G4;Yarı metal;;veri;K3;Yarı metaller metallerle ametalleri ayıran merdiven çizgisi boyunca dizilir: B, Si, Ge, As, Sb, Te. Kalsiyum ise tablonun solunda ve ortasında, metaller bölgesinde bulunur.
V011;G4;Soy gaz;;veri;K3;Soy gazlar 8A grubunda yer alır. Kalsiyum ise tablonun solunda ve ortasında, metaller bölgesinde bulunur.
V012;G1;Hücrenin malzemesi ışığın enerjisini elektrik enerjisine dönüştürebiliyor.;evet;;;
V012;G1;Hücre güneş ışığını depolayıp geceleri yayıyor.;;kanitsiz;K1;"Kanıtlar yalnızca ışık vurduğunda akım alındığını söylüyor; depolama gösteren bir kanıt yok."
V012;G1;Hücre ısındığı için yanıyor ve enerji veriyor.;;iliski;K1;"Hücrede yanma yok; ışık doğrudan elektriğe dönüşüyor."
V012;G3;Yarı iletken olduğu için ışığı soğurup elektrik akımı oluşturabilir ve yer kabuğunda çok bol bulunur;evet;;;
V012;G3;Elektriği hiç iletmediği için;;iliski;K1;"Hiç iletmeyen bir madde akım üretemezdi; silisyum bir yarı iletkendir."
V012;G3;Metal olduğu ve paslanmadığı için;;veri;K1;Silisyum metal değil, yarı metaldir. Paneldeki görevi paslanmamak değil, ışığı elektriğe dönüştürmek.
V012;G3;Çok ağır olduğu için panelleri rüzgâra karşı sağlam tuttuğu için;;iliski;K1;"Panelin ağırlığı elektrik üretimini açıklamaz; hücrelerin işi ışıktan elektrik üretmek."
V012;G4;Latince 'çakmaktaşı' anlamına gelen silex;evet;;;
V012;G4;Ren Nehri'nin Latince adı Rhenus;;veri;K4;Bu, renyum elementinin adının kökeni. Arşiv notunu yeniden oku.
V012;G4;Yunanca 'gül' anlamına gelen rhodon;;veri;K4;Bu, rodyum elementinin adının kökeni. Arşiv notunu yeniden oku.
V013;G1;Metal havadaki oksijenle birleşip yeni bir madde (oksit) oluşturdu.;evet;;;
V013;G1;Metal yanınca tamamen yok oldu.;;veri;K1;"Geriye beyaz bir toz kaldı; madde yok olmadı, başka bir maddeye dönüştü (K1)."
V013;G1;Beyaz toz metalin erimiş hâlidir.;;iliski;K1;"Erime fiziksel bir değişimdir; eriyen metal gümüşi kalırdı. Renk ve görünüş değiştiğine göre yeni bir madde oluştu."
V013;G3;Yanarken çok kısa sürede çok parlak beyaz ışık verdiği için;evet;;;
V013;G3;Çok ağır bir metal olduğu için;;veri;K2;"Paketteki şerit elde şaşırtıcı derecede hafif (K2); üstelik ağırlığın ışıkla ilgisi yok."
V013;G3;Elektriği iyi ilettiği için;;iliski;K1;"Flaş tozu elektrikle değil, yanarak ışık verir; iletkenlik bu kullanımın nedeni değildir."
V013;G3;Hiçbir maddeyle tepkimeye girmediği için;;veri;K1;"Toz yandı ve beyaz bir toza dönüştü (K1); yani oksijenle tepkimeye girdi."
V013;G4;Yunanistan'daki Magnesia bölgesi;evet;;;
V013;G4;İskandinavya'nın Latince adı Scandia;;veri;K4;Bu, skandiyum elementinin adının kökeni. Arşiv notunu yeniden oku.
V013;G4;Uranüs gezegeni;;veri;K4;Bu, uranyum elementinin adının kökeni. Arşiv notunu yeniden oku.
V014;G1;Muzdaki bazı atomlar radyasyon yayıyor.;evet;;;
V014;G1;Muz çürümüş ve bozulmuştur.;;iliski;K1;"Çürüme radyasyon yaymaz; sayaç radyasyonu ölçer."
V014;G1;Muz tehlikeli derecede radyoaktiftir.;;veri;K1;"Ölçülen radyasyon çok düşük (K1); tehlikeli bir düzey gösteren bir kanıt yok."
V014;G3;Potasyum atomlarının yalnızca çok küçük bir bölümü radyoaktiftir ve muzdan alınan radyasyon çok düşüktür;evet;;;
V014;G3;"Potasyum hiç radyoaktif değildir; sayaç bozuktur";;veri;K2;Etikette bu elementin atomlarının bir bölümünün radyoaktif olduğu yazıyor (K2).
V014;G3;Muz pişirilince radyasyonu yok olur;;kanitsiz;K2;"Pişirmek atom çekirdeğini değiştirmez; bu iddiayı destekleyen bir kanıt yok."
V014;G3;Radyasyon yalnızca muzun kabuğunda olduğu için;;kanitsiz;K1;Kanıtlarda radyasyonun yalnızca kabukta olduğuna dair bir bilgi yok.
V014;G4;"'Potas' (bitki külü) kelimesi; sembolü Latince kalium";evet;;;
V014;G4;Yunanca 'asit oluşturan' anlamına gelen sözcükler;;veri;K4;Bu, oksijen elementinin adının kökeni. Arşiv notunu yeniden oku.
V014;G4;"Türkçe 'altın'; sembolü Latince aurum";;veri;K4;Bu, altın elementinin adının kökeni. Arşiv notunu yeniden oku.
V015;G1;Kraterdeki mavi alevler bu sarı maddenin yanmasından kaynaklanıyor olabilir.;evet;;;
V015;G1;Mavi alev, yanardağın lavının rengidir.;;veri;K2;"Lav kırmızı-turuncu renkte parlar; mavi renk sarı katı yanınca görüldü (K2)."
V015;G1;Sarı madde yanmaz bir maddedir.;;veri;K2;Sarı madde yakıldığında yandı (K2).
V015;G3;Çatlaklardan çıkan sıcak gazlardaki kükürdün havadaki oksijenle yanması;evet;;;
V015;G3;Kraterde mavi renkli bir sıvı metal bulunması;;kanitsiz;K1;"Kanıtlar kraterde sarı bir ametal buldu (K1); mavi sıvı metale dair bir kanıt yok."
V015;G3;Kükürdün kendisinin mavi renkte olması;;veri;K1;"Kükürt sarı renklidir (K1); mavi olan, yanarken çıkan alevdir."
V015;G3;Ay ışığının sarı kristallere yansıması;;iliski;K2;"Yansıyan ışık alev oluşturmaz; deneyde mavi alev maddenin yanmasıyla görüldü (K2)."
V015;G4;Latince sulfur;evet;;;
V015;G4;Almanca 'şeytanın bakırı' (kupfernickel);;veri;K4;Bu, nikel elementinin adının kökeni. Arşiv notunu yeniden oku.
V015;G4;Fizikçi Albert Einstein;;veri;K4;Bu, aynştaynyum elementinin adının kökeni. Arşiv notunu yeniden oku.
V016;G1;"Madde mikropları öldürüyor; ama saf hâli zehirli olduğu için çok az kullanılıyor.";evet;;;
V016;G1;Suyun tadını tatlandırmak için;;kanitsiz;K1;Raporda maddenin görevi mikropları öldürmek olarak yazıyor (K1).
V016;G1;Suyu renklendirip temiz görünmesini sağlamak için;;veri;K1;"Musluk suyu renksiz; eklenen madde suyu renklendirmiyor."
V016;G3;Sudaki bakteri gibi mikropları öldürerek su yoluyla bulaşan hastalıkları önlemek;evet;;;
V016;G3;Suyu sertleştirip kireç oluşmasını önlemek;;kanitsiz;K1;Raporda maddenin görevi mikrop öldürmek olarak geçiyor (K1).
V016;G3;Suya sofra tuzu kazandırmak;;iliski;K2;Klor sofra tuzunda da bulunur (K2) ama suya tuz katmak için değil, dezenfeksiyon için eklenir.
V016;G3;Klor sarımsı yeşil renkli olduğu için suyu güzel göstermek;;veri;K1;"Saf klor gazı sarımsı yeşildir ama sudaki az miktar suyu renklendirmez; amaç dezenfeksiyondur."
V016;G4;Metal;;veri;K3;Metaller tablonun solunda ve ortasında yer alır. Klor ise tablonun sağ üst bölümünde, ametaller arasında bulunur.
V016;G4;Ametal;evet;;;
V016;G4;Yarı metal;;veri;K3;Yarı metaller metallerle ametalleri ayıran merdiven çizgisi boyunca dizilir: B, Si, Ge, As, Sb, Te. Klor ise tablonun sağ üst bölümünde, ametaller arasında bulunur.
V016;G4;Soy gaz;;veri;K3;Soy gazlar 8A grubunda yer alır. Klor ise tablonun sağ üst bölümünde, ametaller arasında bulunur.
V017;G1;Tutuşmayı başlatan madde kibritin başında değil, kutunun şeridinde.;evet;;;
V017;G1;Kibrit yalnızca pürüzlü yüzeylerde tutuşur.;;veri;K1;Taş da pürüzlüdür ama kibrit taşta tutuşmadı (K1).
V017;G1;Kibritin başı ıslak olduğu için başka yerde tutuşmuyor.;;kanitsiz;K1;"Kibritin ıslak olduğuna dair bir kanıt yok; aynı kibrit şeritte hemen tutuştu."
V017;G3;"Kırmızı fosfor kendiliğinden tutuşmadığı için güvenlidir; sürtünme ısısıyla ancak kibrit başı değince tutuşmayı başlatır";evet;;;
V017;G3;Kırmızı fosfor daha parlak yandığı için;;kanitsiz;K2;Seçimin nedeni parlaklık değil, güvenlik: beyaz hâli havada kendiliğinden tutuşabilir (K2).
V017;G3;Beyaz fosfor hiç yanmadığı için;;veri;K2;"Beyaz fosfor havada kendiliğinden tutuşabilir (K2); yani çok kolay yanar."
V017;G3;Kırmızı renk kutuyu daha güzel gösterdiği için;;iliski;K2;Renk bir sonuçtur, seçim nedeni değil. Asıl neden iki hâlin tepkimeye yatkınlığındaki fark.
V017;G4;Yunanca 'ışık getiren' anlamına gelen phosphoros;evet;;;
V017;G4;Yunanca 'su oluşturan' anlamına gelen sözcükler;;veri;K4;Bu, hidrojen elementinin adının kökeni. Arşiv notunu yeniden oku.
V017;G4;Kopenhag'ın Latince adı Hafnia;;veri;K4;Bu, hafniyum elementinin adının kökeni. Arşiv notunu yeniden oku.
V018;G1;"Ölümden bu yana uzun bir zaman geçmiş; azalma miktarı geçen süreyi gösterir.";evet;;;
V018;G1;Kişi ölmeden önce radyasyona maruz kalmış.;;iliski;K2;"İzotopun azalması, canlı öldükten sonra kendiliğinden olur; radyasyona maruz kalmayla ilgili değil (K2)."
V018;G1;İzotop buzun içinde donup kaybolmuş.;;kanitsiz;K2;"Radyoaktif bozunma sıcaklıktan etkilenmez; donma izotopu yok etmez."
V018;G3;"Çünkü bu izotopu yalnızca canlılar yaşarken çevrelerinden alır; ölünce alım durur ve 'saat' işlemeye başlar";evet;;;
V018;G3;Çünkü taşlar ve metaller hiç karbon içermez;;kanitsiz;K2;Bazı taşlar (örneğin kireç taşı) karbon içerir. Yöntemin anahtarı, izotopun canlıyken alınıp ölünce alınmamasıdır (K2).
V018;G3;Çünkü canlılar öldükten sonra izotop çoğalır;;veri;K2;"İzotop ölünce çoğalmaz; yaklaşık 5700 yılda yarıya iner (K2)."
V018;G3;Çünkü bu element yalnızca buzda korunur;;iliski;K1;"Buz yalnızca bedeni korumuştur; yöntem buzdan bağımsız olarak bütün canlı kalıntılarda çalışır."
V018;G4;Metal;;veri;K3;Metaller tablonun solunda ve ortasında yer alır. Karbon ise tablonun sağ üst bölümünde, ametaller arasında bulunur.
V018;G4;Ametal;evet;;;
V018;G4;Yarı metal;;veri;K3;Yarı metaller metallerle ametalleri ayıran merdiven çizgisi boyunca dizilir: B, Si, Ge, As, Sb, Te. Karbon ise tablonun sağ üst bölümünde, ametaller arasında bulunur.
V018;G4;Soy gaz;;veri;K3;Soy gazlar 8A grubunda yer alır. Karbon ise tablonun sağ üst bölümünde, ametaller arasında bulunur.
V019;G1;Kremde ışığı güçlü biçimde saçan beyaz bir toz var.;evet;;;
V019;G1;Krem cildi beyazlatıyor.;;kanitsiz;K1;"Beyazlık kremin içindeki tozdan geliyor; cildin rengini değiştirdiğine dair bir kanıt yok."
V019;G1;Kremin içinde tuz var.;;kanitsiz;K1;"Beyaz renk tek başına tuz olduğunu göstermez; kanıt bu oksidin boyalarda kullanılan beyaz bir toz olduğunu söylüyor (K1)."
V019;G3;Morötesi ışınları soğurup saçarak cildi korur ve zehirsizdir;evet;;;
V019;G3;Cildi serinletip terlemeyi önlediği için;;kanitsiz;K2;"Kanıtlarda böyle bir özellik yok; oksidin özelliği UV ışınlarını soğurup saçması (K2)."
V019;G3;Suda çözünüp cilde işlediği için;;veri;K2;Bu oksit suda çözünmüyor (K2).
V019;G3;Titanyum metali parlak olduğu için;;iliski;K2;Kremde metal değil, oksidi var. Koruyucu özellik oksidin UV ışınlarını soğurmasından gelir.
V019;G4;Metal;evet;;;
V019;G4;Ametal;;veri;K3;Ametaller (hidrojen dışında) tablonun sağ üst bölümünde yer alır. Titanyum ise tablonun solunda ve ortasında, metaller bölgesinde bulunur.
V019;G4;Yarı metal;;veri;K3;Yarı metaller metallerle ametalleri ayıran merdiven çizgisi boyunca dizilir: B, Si, Ge, As, Sb, Te. Titanyum ise tablonun solunda ve ortasında, metaller bölgesinde bulunur.
V019;G4;Soy gaz;;veri;K3;Soy gazlar 8A grubunda yer alır. Titanyum ise tablonun solunda ve ortasında, metaller bölgesinde bulunur.
V020;G1;"Çatal saf bir metal değil; birkaç metalin karışımından oluşan bir alaşım.";evet;;;
V020;G1;Çatal 18 yıl önce, 10. ayda üretilmiş.;;veri;K1;K1, sayıların çelikteki metallerin yüzdesini gösterdiğini söylüyor.
V020;G1;Çatal tamamen nikelden yapılmış.;;veri;K1;"Çatalın yalnızca %10'u nikel; geri kalanı başka metaller (K1)."
V020;G3;Yüzeyde ince, sıkı ve kendini yenileyen bir krom oksit tabakası oluşturup demirin oksijen ve suyla temasını keser;evet;;;
V020;G3;Kromun mıknatısa çekilmesi pası iter;;iliski;K2;"Mıknatıslık paslanmayı engellemez; koruma yüzeydeki oksit tabakasından gelir (K2)."
V020;G3;Krom demirden çok daha yumuşak olduğu için;;iliski;K2;"Yumuşaklık paslanmayla ilgili değil; krom aslında çeliği sertleştirir. Koruma oksit tabakasından gelir."
V020;G3;Krom hiç oksijenle tepkimeye girmediği için;;veri;K2;"Krom oksijenle tepkimeye girer; koruyucu tabaka zaten bu tepkimeyle oluşan oksittir (K2)."
V020;G4;Yunanca 'renk' anlamına gelen chroma;evet;;;
V020;G4;Yunanca 'kurşun' anlamına gelen molybdos;;veri;K4;Bu, molibden elementinin adının kökeni. Arşiv notunu yeniden oku.
V020;G4;Yunanistan'daki Magnesia bölgesi;;veri;K4;Bu, magnezyum elementinin adının kökeni. Arşiv notunu yeniden oku.
V021;G1;Kaplama metali demirin yerine kendisi aşınarak demiri koruyor.;evet;;;
V021;G1;Çelik hiçbir zaman paslanmaz.;;veri;K2;"Kaplamasız çelik paslanır; korumayı kaplama metali sağlıyor (K2)."
V021;G1;Çizikten içeri su giremez.;;kanitsiz;K2;"Çizik telin içini açığa çıkardı; suyun giremediğine dair bir kanıt yok."
V021;G3;Çinko demirden daha kolay tepkimeye girdiği için demirin yerine kendisi aşınır;evet;;;
V021;G3;Çinko mıknatısa çekildiği için suyu iter;;iliski;K2;Mıknatıslık suyu itmez. Koruma, çinkonun demirden daha etkin olmasından gelir (K2).
V021;G3;Çinko hiç tepkimeye girmediği için;;veri;K2;Tam tersi: çinko demirden daha kolay tepkimeye girer (K2).
V021;G3;Çinko kaplama telin daha parlak görünmesini sağladığı için;;veri;K1;"Kaplama mat gri (K1); amaç parlaklık değil, korumadır."
V021;G4;Almanca zink (belki Farsça 'taş' anlamına gelen sing);evet;;;
V021;G4;Yunanca 'Güneş' anlamına gelen helios;;veri;K4;Bu, helyum elementinin adının kökeni. Arşiv notunu yeniden oku.
V021;G4;Yunan mitolojisindeki Kral Tantalos;;veri;K4;Bu, tantal elementinin adının kökeni. Arşiv notunu yeniden oku.
V022;G1;Kutunun gövdesi mıknatısa çekilen bir metal (çelik) içeriyor.;evet;;;
V022;G1;Kaplama metali mıknatısa çekiliyor.;;kanitsiz;K1;"Mıknatıs gövdedeki çeliğe yapışır; bu deney kaplama metalinin mıknatısa çekilip çekilmediğini göstermez."
V022;G1;Kutu tamamen kaplama metalinden yapılmış.;;veri;K1;K1, gövdenin çelikten yapıldığını söylüyor.
V022;G3;"Kalay zehirsizdir ve besinlerdeki asitlerle kolay tepkimeye girmez; çeliği paslanmaktan korur";evet;;;
V022;G3;Kalay mıknatısa çekildiği için kutuyu sağlamlaştırır;;veri;K1;"Mıknatısa çekilen kutunun çelik gövdesidir (K1); kaplamanın görevi korumaktır."
V022;G3;Kalay düşük sıcaklıkta eridiği için konserveyi ısıtır;;iliski;K2;"Erime noktası lehimde işe yarar ama kaplamanın görevini açıklamaz; kaplama besini ve çeliği korur."
V022;G3;Kalay besinlere tat kattığı için;;kanitsiz;K2;"Kalayın besine tat kattığına dair bir kanıt yok; zehirsiz ve tepkimeye girmeyen bir kaplamadır (K2)."
V022;G4;Sembolü Latince stannum;evet;;;
V022;G4;Latince 'en koyu kırmızı' anlamına gelen rubidius;;veri;K4;Bu, rubidyum elementinin adının kökeni. Arşiv notunu yeniden oku.
V022;G4;Yunanca 'güherçile oluşturan' anlamına gelen sözcükler;;veri;K4;Bu, azot elementinin adının kökeni. Arşiv notunu yeniden oku.
V023;G1;Önlükteki metal röntgen ışınlarını durduruyor.;evet;;;
V023;G1;Röntgen cihazı çalışmıyordu.;;veri;K2;"Önlüksüz film aynı ışınlarla karardı (K2); cihaz çalışıyordu."
V023;G1;Film ışığa duyarsızdı.;;veri;K2;Aynı tür film önlüksüzken karardı (K2).
V023;G3;Çok yoğun bir metal olduğu için röntgen ışınlarını ince bir tabakayla bile durdurabilir;evet;;;
V023;G3;Hafif olduğu için önlüğü rahat yaptığı için;;veri;K1;"Önlük çok ağır (K1); kurşun hafif değil, çok yoğun bir metaldir."
V023;G3;Elektriği iyi ilettiği için ışınları toprağa aktardığı için;;iliski;K2;"Röntgen ışınları elektrik akımı değildir; kurşun onları yoğunluğu sayesinde soğurur."
V023;G3;Parlak olduğu için ışınları ayna gibi yansıttığı için;;iliski;K2;Kurşun parlak değildir ve röntgen ışınlarını yansıtarak değil, soğurarak durdurur.
V023;G4;"Türkçe 'kurşun'; sembolü Latince plumbum";evet;;;
V023;G4;Neptün gezegeni;;veri;K4;Bu, neptünyum elementinin adının kökeni. Arşiv notunu yeniden oku.
V023;G4;Avrupa kıtası;;veri;K4;Bu, evropiyum elementinin adının kökeni. Arşiv notunu yeniden oku.
V024;G1;"Madalya tamamen altından değil; altın, başka bir metalin üzerine kaplanmış.";evet;;;
V024;G1;Madalyanın içi zamanla solmuş altındır.;;kanitsiz;K2;"Altın solmaz ve kararmaz; içteki metal farklı bir metal (K1, K2)."
V024;G1;Madalya tamamen gri bir metalden yapılmış, altın yok.;;veri;K1;Dışta ince bir altın kaplama var (K1).
V024;G3;Gümüş de değerli ve parlak bir metaldir ama altından çok daha bol ve ucuzdur;evet;;;
V024;G3;Gümüş altından daha ağır olduğu için;;kanitsiz;K1;"Gümüş altından daha hafiftir. Kanıtlarda ağırlıkla ilgili bir bilgi yok; seçimin nedeni bolluk ve maliyet."
V024;G3;Gümüş elektriği iyi ilettiği için;;iliski;K2;Gümüş elektriği çok iyi iletir (K2) ama bir madalyada elektrik iletmenin önemi yok.
V024;G3;Gümüş hiç kararmadığı için;;veri;K2;Gümüş kükürtlü maddelerle temas edince kararır (K2).
V024;G4;"Türkçe 'gümüş'; sembolü Latince argentum";evet;;;
V024;G4;Yunanca 'gizli kalmak' anlamına gelen lanthanein;;veri;K4;Bu, lantan elementinin adının kökeni. Arşiv notunu yeniden oku.
V024;G4;Almanca 'cin, kötü ruh' anlamına gelen kobald;;veri;K4;Bu, kobalt elementinin adının kökeni. Arşiv notunu yeniden oku.
V025;G1;Metal, oksijen ve nemle neredeyse hiç tepkimeye girmiyor.;evet;;;
V025;G1;Kaplama sürekli yenileniyor.;;kanitsiz;K2;"Kaplamanın yenilendiğine dair bir kanıt yok; metalin kendisi kararmıyor (K2)."
V025;G1;Uzayda oksijen olmadığı için her metal kararmadan kalır.;;veri;K2;"Kask yeryüzünde de havayla temas eder ve müzede de kararmamış; dayanıklılık metalin kendi özelliği (K2)."
V025;G3;Altın, güneşin ısı ışınlarını çok iyi yansıtır, çok ince olunca ışık geçirir ve hiç bozulmaz;evet;;;
V025;G3;Altın ağır olduğu için kaskı dengelediği için;;iliski;K1;"Tabaka çok ince (K1); ağırlıkla bir ilgisi yok."
V025;G3;Altın ışığı hiç geçirmediği için;;veri;K1;Kaplama o kadar ince ki astronot dışarıyı görebiliyor (K1).
V025;G3;Altın elektriği iyi ilettiği için telsiz bağlantısı sağladığı için;;iliski;K2;Altın elektriği iyi iletir ama vizördeki görevi ışınları yansıtmaktır (K2).
V025;G4;Metal;evet;;;
V025;G4;Ametal;;veri;K3;Ametaller (hidrojen dışında) tablonun sağ üst bölümünde yer alır. Altın ise tablonun solunda ve ortasında, metaller bölgesinde bulunur.
V025;G4;Yarı metal;;veri;K3;Yarı metaller metallerle ametalleri ayıran merdiven çizgisi boyunca dizilir: B, Si, Ge, As, Sb, Te. Altın ise tablonun solunda ve ortasında, metaller bölgesinde bulunur.
V025;G4;Soy gaz;;veri;K3;Soy gazlar 8A grubunda yer alır. Altın ise tablonun solunda ve ortasında, metaller bölgesinde bulunur.
V026;G1;"İki camın ısınınca genleşme miktarı farklı; az genleşen cam çatlamıyor.";evet;;;
V026;G1;Isıya dayanıklı cam daha kalın olduğu için çatlamıyor.;;kanitsiz;K1;"Kanıtlarda kalınlıktan söz edilmiyor; fark camın genleşme özelliğinde (K1)."
V026;G1;Sıradan cam soğukta erir.;;iliski;K1;"Cam soğukta erimez; çatlama, camın bir bölümünün diğerinden farklı genleşmesinden olur."
V026;G3;"Camın ısınınca daha az genleşmesini sağlar; böylece ani sıcaklık değişimlerinde çatlamaz";evet;;;
V026;G3;Camı daha parlak ve renkli yaptığı için;;kanitsiz;K1;"Kanıtlarda renkten söz edilmiyor; önemli olan genleşmenin azalması (K1)."
V026;G3;Camı mıknatısa çekilir yaptığı için;;iliski;K1;Mıknatıslık camın ısıya dayanıklılığıyla ilgili değil.
V026;G3;Türkiye'de bol bulunduğu için camı hafiflettiği için;;iliski;K2;Bolluk bir elementi ucuzlatır ama camın ısıya dayanıklılığını açıklamaz. Dayanıklılığın nedeni az genleşmedir (K1).
V026;G4;Boraks mineralinin Arapça adı 'buraq';evet;;;
V026;G4;Yunanca 'Ay' anlamına gelen selene;;veri;K4;Bu, selenyum elementinin adının kökeni. Arşiv notunu yeniden oku.
V026;G4;Beril mineralinin Yunanca adı;;veri;K4;Bu, berilyum elementinin adının kökeni. Arşiv notunu yeniden oku.
V027;G1;Metalin yoğunluğu gazyağının yoğunluğundan küçük.;evet;;;
V027;G1;Metal suyu ve yağı iter.;;iliski;K1;Yüzme, itmeyle değil yoğunlukla ilgilidir.
V027;G1;Metal havadan hafiftir.;;veri;K1;"Havadan hafif olsaydı uçardı; metal yalnızca gazyağından hafif (K1)."
V027;G3;Çok hafif olduğu ve kolayca elektron verebildiği için küçük bir kütlede çok enerji depolanmasını sağlar;evet;;;
V027;G3;Alevi kırmızıya boyadığı için;;iliski;K2;"Alev rengi bir tanıma testidir (K2); pildeki görevini açıklamaz."
V027;G3;Çok ağır olduğu için pili sağlamlaştırdığı için;;veri;K1;Lityum bilinen en hafif metal (K1).
V027;G3;Hiçbir maddeyle tepkimeye girmediği için;;kanitsiz;K1;"Pil kimyasal tepkimelerle çalışır; lityumun işe yaraması tam tersine kolay tepkimeye girmesinden gelir."
V027;G4;Metal;evet;;;
V027;G4;Ametal;;veri;K3;Ametaller (hidrojen dışında) tablonun sağ üst bölümünde yer alır. Lityum ise tablonun solunda ve ortasında, metaller bölgesinde bulunur.
V027;G4;Yarı metal;;veri;K3;Yarı metaller metallerle ametalleri ayıran merdiven çizgisi boyunca dizilir: B, Si, Ge, As, Sb, Te. Lityum ise tablonun solunda ve ortasında, metaller bölgesinde bulunur.
V027;G4;Soy gaz;;veri;K3;Soy gazlar 8A grubunda yer alır. Lityum ise tablonun solunda ve ortasında, metaller bölgesinde bulunur.
V028;G1;"Işığın enerjisi elektrikten geliyor; elektrik gazın atomlarını uyarıyor.";evet;;;
V028;G1;Gaz yanıyor.;;veri;K2;"Gaz hiçbir maddeyle tepkimeye girmiyor (K2); yanma bir tepkimedir."
V028;G1;Gaz gün boyunca güneş ışığını depolayıp gece yayıyor.;;veri;K1;"Işık elektrik kesilince hemen sönüyor (K1); depolanmış ışık olsaydı sönmezdi."
V028;G3;Elektrikle uyarılınca parlak kızıl turuncu ışık verir ve tepkimeye girmediği için tüpte yıllarca bozulmadan kalır;evet;;;
V028;G3;Yanıcı olduğu için parlak alev verdiği için;;veri;K2;Neon tepkimeye girmez (K2), yani yanmaz.
V028;G3;Kendisi kızıl turuncu renkli bir gaz olduğu için;;iliski;K1;"Neon renksiz bir gazdır; renk yalnızca elektrik geçerken yayılan ışıktan gelir (K1)."
V028;G3;Havadan ağır olduğu için tüpte kaldığı için;;iliski;K2;"Tüp kapalıdır; gazın tüpte kalması ağırlığıyla ilgili değil. Önemli olan ışığın rengi ve tepkimeye girmemesi."
V028;G4;Yunanca 'yeni' anlamına gelen neos;evet;;;
V028;G4;İsveç'teki Ytterby köyü;;veri;K4;Bu, erbiyum elementinin adının kökeni. Arşiv notunu yeniden oku.
V028;G4;İskoçya'daki Strontian kasabası;;veri;K4;Bu, stronsiyum elementinin adının kökeni. Arşiv notunu yeniden oku.
V029;G1;Gaz havadan kolayca ve ucuza elde edilebilir.;evet;;;
V029;G1;Gaz havanın büyük bölümünü oluşturur.;;veri;K2;Gaz havanın yalnızca yaklaşık %1'ini oluşturur (K2).
V029;G1;Gaz soluduğumuz için zararsızdır, bu yüzden pencerede kullanılır.;;iliski;K2;"Pencerede kullanılmasının nedeni ısıyı az iletmesi; havada bulunması onu yalnızca kolay elde edilir yapar."
V029;G3;"Argon ısıyı havadan daha az ilettiği için evden dışarıya ısı kaybını azaltır; tepkimeye girmediği için de bozulmaz";evet;;;
V029;G3;Argon havadan hafif olduğu için camları hafifletir;;iliski;K2;"Pencerenin ağırlığı ısı yalıtımını açıklamaz; önemli olan gazın ısıyı az iletmesi (K2)."
V029;G3;Argon yanıcı olduğu için camı ısıtır;;veri;K1;"Argon hiçbir maddeyle tepkimeye girmez (K1); yanmaz."
V029;G3;Argon renkli olduğu için güneş ışığını süzer;;veri;K1;Argon renksizdir (K1).
V029;G4;Metal;;veri;K3;Metaller tablonun solunda ve ortasında yer alır. Argon ise 8A grubunda, soy gazlar arasında bulunur.
V029;G4;Ametal;;veri;K3;Ametaller (hidrojen dışında) tablonun sağ üst bölümünde yer alır. Argon ise 8A grubunda, soy gazlar arasında bulunur.
V029;G4;Yarı metal;;veri;K3;Yarı metaller metallerle ametalleri ayıran merdiven çizgisi boyunca dizilir: B, Si, Ge, As, Sb, Te. Argon ise 8A grubunda, soy gazlar arasında bulunur.
V029;G4;Soy gaz;evet;;;
V030;G1;Atom çekirdeklerinden elde edilen enerji, kömürün yanmasından elde edilenden çok daha büyük.;evet;;;
V030;G1;Tablet çok hızlı yanıyor.;;iliski;K2;"Tabletler yanmaz; enerji çekirdeklerin bölünmesinden gelir (K2)."
V030;G1;Tablet kömürden yapılmıştır.;;veri;K1;Tabletler bu elementin oksidinden yapılmış (K1).
V030;G3;"Uranyum-235 çekirdekleri bir nötronla bölünür, büyük enerji ve yeni nötronlar verir; böylece zincirleme tepkime sürdürülebilir";evet;;;
V030;G3;Uranyum havada kendiliğinden alev aldığı için;;iliski;K2;Santraldeki enerji yanmadan değil, çekirdek bölünmesinden gelir (K2).
V030;G3;Uranyum elektriği çok iyi ilettiği için;;iliski;K2;"Elektrik, açığa çıkan ısıyla üretilen buharın türbini döndürmesiyle elde edilir; uranyumun iletkenliğiyle ilgisi yok."
V030;G3;Uranyum tabletleri hiç ısınmadığı için güvenli olduğu için;;veri;K2;"Çekirdek bölünmesi büyük bir enerji açığa çıkarır (K2); tabletler çok ısınır, bu ısı suyu buhara çevirir."
V030;G4;Uranüs gezegeni;evet;;;
V030;G4;Yunanca 'yeni ikiz' (neos didymos);;veri;K4;Bu, neodim elementinin adının kökeni. Arşiv notunu yeniden oku.
V030;G4;Almanca zink (belki Farsça 'taş' anlamına gelen sing);;veri;K4;Bu, çinko elementinin adının kökeni. Arşiv notunu yeniden oku.
V031;G1;"Gaz kapalı ortamlarda birikiyor; temiz havayla seyreltilince azalıyor.";evet;;;
V031;G1;Gaz havayla tepkimeye girip yok oluyor.;;kanitsiz;K2;"Havalandırma gazı dışarı taşır ve seyreltir; gazın havayla tepkimeye girdiğine dair bir kanıt yok."
V031;G1;Cihaz bozuktu.;;kanitsiz;K2;Değerin havalandırmayla tutarlı biçimde değişmesi cihazın doğru çalıştığını gösteriyor.
V031;G3;Radyoaktiftir: solunduğunda akciğerlerde bozunarak hücrelere zarar veren ışınlar yayar;evet;;;
V031;G3;Akciğerlerdeki oksijenle tepkimeye girip zehir oluşturduğu için;;iliski;K1;Radon bir soy gazdır ve tepkimeye girmez. Tehlikesi radyoaktif olmasından gelir.
V031;G3;Keskin kokusu boğazı tahriş ettiği için;;veri;K1;Radon kokusuzdur (K1).
V031;G3;Havadan hafif olduğu için akciğerleri şişirdiği için;;iliski;K1;"Radon havadan çok daha ağırdır; üstelik tehlikesi ağırlığıyla değil radyoaktifliğiyle ilgilidir."
V031;G4;Radyumdan çıkan gaz olduğu için 'radyum';evet;;;
V031;G4;Fizikçi Enrico Fermi;;veri;K4;Bu, fermiyum elementinin adının kökeni. Arşiv notunu yeniden oku.
V031;G4;İsveç'teki Ytterby köyü;;veri;K4;Bu, iterbiyum elementinin adının kökeni. Arşiv notunu yeniden oku.
V032;G1;Işığın enerjisi, boyadaki elementin sürekli yaydığı ışınlardan geliyor.;evet;;;
V032;G1;Boya gün ışığını depolayıp geceleri yayıyor.;;veri;K1;"Boya hiç ışık almasa da parlıyor (K1); depolanmış ışık olsaydı bir süre sonra sönerdi."
V032;G1;Boya yanıyor.;;kanitsiz;K1;"Boya yanmıyor; ortada alev ya da yanma ürünü yok."
V032;G3;Radyum kalsiyumla aynı grupta olduğu için vücut onu kalsiyum gibi kemiklere yerleştirdi;evet;;;
V032;G3;Radyum çok ağır olduğu için kemiklere çöktü;;iliski;K2;Bir elementin vücutta nereye gideceğini ağırlığı değil kimyasal davranışı belirler.
V032;G3;Radyum kemikleri ışıldattığı için;;kanitsiz;K2;"Kemiklerin ışıldadığına dair bir kanıt yok; asıl neden radyumun kalsiyuma benzemesi (K2)."
V032;G3;İşçiler kalsiyum tableti aldığı için;;kanitsiz;K2;Kanıtlarda böyle bir bilgi yok.
V032;G4;Latince 'ışın' anlamına gelen radius;evet;;;
V032;G4;Yunanca 'mor' anlamına gelen iodes;;veri;K4;Bu, iyot elementinin adının kökeni. Arşiv notunu yeniden oku.
V032;G4;İskandinav tanrıçası Vanadis;;veri;K4;Bu, vanadyum elementinin adının kökeni. Arşiv notunu yeniden oku.
V033;G1;Sahte banknotun mürekkebinde gerçek banknottaki özel madde yok.;evet;;;
V033;G1;Sahte banknot daha eski olduğu için parıltısını kaybetmiş.;;kanitsiz;K1;Banknotların yaşı hakkında bir kanıt yok.
V033;G1;UV lambası sahte banknotta çalışmadı.;;kanitsiz;K1;Aynı lamba gerçek banknotu parlattı (K1).
V033;G3;"Morötesi ışık altında kendine özgü kırmızı ışık yayar; bu özelliği taklit etmek zor olduğu için sahtecilik ortaya çıkar";evet;;;
V033;G3;Banknotu daha dayanıklı yaptığı için;;kanitsiz;K1;"Kanıtlarda dayanıklılıktan söz edilmiyor; görevi UV altında kırmızı parlamak (K1)."
V033;G3;Gün ışığında kırmızı göründüğü için;;veri;K1;Kırmızı parıltı yalnızca morötesi ışık altında görülüyor (K1).
V033;G3;Radyoaktif olduğu için kendiliğinden parladığı için;;iliski;K1;Evropiyumun parlaması radyoaktiflikten değil, morötesi ışığı soğurup kırmızı ışık olarak yaymasından gelir.
V033;G4;Avrupa kıtası;evet;;;
V033;G4;Yunanca 'kararsız' anlamına gelen astatos;;veri;K4;Bu, astatin elementinin adının kökeni. Arşiv notunu yeniden oku.
V033;G4;Latince 'gök mavisi' anlamına gelen caesius;;veri;K4;Bu, sezyum elementinin adının kökeni. Arşiv notunu yeniden oku.
V034;G1;Güçlü ve küçük bir mıknatıs, küçücük bir kulaklıkta bile yüksek ve net ses üretilmesini sağlar.;evet;;;
V034;G1;Mıknatıs kulaklığı ağırlaştırarak kulakta durmasını sağlar.;;veri;K1;"Mıknatıs mercimek büyüklüğünde (K1); kulaklığı ağırlaştırmaz."
V034;G1;Mıknatıs pili şarj eder.;;kanitsiz;K1;Kanıtlarda mıknatısın pili şarj ettiğine dair bir bilgi yok.
V034;G3;Bilinen en güçlü kalıcı mıknatıslar oldukları için çok küçük boyutta bile güçlü bir manyetik alan sağlarlar;evet;;;
V034;G3;Elektriği hiç iletmedikleri için;;iliski;K1;İletkenlik, mıknatısın gücünü açıklamaz.
V034;G3;Tamamen neodimden yapıldıkları için hafif oldukları için;;veri;K2;Mıknatıs demir, bor ve neodimden oluşan bir alaşım (K2).
V034;G3;Isıtılınca güçlendikleri için;;kanitsiz;K1;"Kanıtlarda böyle bir bilgi yok; mıknatıslar genellikle ısınınca zayıflar."
V034;G4;Yunanca 'yeni ikiz' (neos didymos);evet;;;
V034;G4;Beril mineralinin Yunanca adı;;veri;K4;Bu, berilyum elementinin adının kökeni. Arşiv notunu yeniden oku.
V034;G4;Ren Nehri'nin Latince adı Rhenus;;veri;K4;Bu, renyum elementinin adının kökeni. Arşiv notunu yeniden oku.
V035;G1;Sinyal çok zayıflarsa veri karşı kıyıya okunamaz hâlde ulaşır.;evet;;;
V035;G1;Işık zayıflayınca rengi değişir ve kablo kırılır.;;kanitsiz;K1;Kanıtlarda kablonun kırıldığına dair bir bilgi yok.
V035;G1;Işık lifin içinde hiç ilerleyemez.;;veri;K1;Işık kilometrelerce ilerliyor, yalnızca zayıflıyor (K1).
V035;G3;Cam life katılan erbiyum, lazerle uyarılınca lifteki zayıf ışık sinyalini doğrudan güçlendirebilir;evet;;;
V035;G3;Cama pembe renk verip kabloyu güzelleştirdiği için;;iliski;K2;"Pembe renk erbiyumun bir yan etkisidir (K2); asıl görevi sinyali güçlendirmektir."
V035;G3;Elektriği çok iyi ilettiği için;;iliski;K1;Bu kablolarda veri elektrikle değil ışıkla taşınır (K1).
V035;G3;Kabloyu su geçirmez yaptığı için;;kanitsiz;K2;Kanıtlarda erbiyumun su yalıtımı sağladığına dair bir bilgi yok.
V035;G4;İsveç'teki Ytterby köyü;evet;;;
V035;G4;Yunanca 'tembel' anlamına gelen argos;;veri;K4;Bu, argon elementinin adının kökeni. Arşiv notunu yeniden oku.
V035;G4;Yunanca 'ışın' anlamına gelen aktinos;;veri;K4;Bu, aktinyum elementinin adının kökeni. Arşiv notunu yeniden oku.
V036;G1;"Alaşımdaki metal oksijenle çok kolay tepkimeye giriyor; sürtünme ısısı tutuşmaya yetiyor.";evet;;;
V036;G1;Çubuğun içinde gaz var.;;kanitsiz;K1;Kıvılcımlar çubuktan kopan katı parçacıklardan oluşuyor (K1).
V036;G1;Çubuk elektrik üretiyor.;;iliski;K1;Çakmak taşında kıvılcım elektrikle değil, metal parçacıklarının tutuşmasıyla oluşur.
V036;G3;Kazınınca kopan parçacıkları havada kolayca tutuşup sıcak kıvılcımlar oluşturduğu için;evet;;;
V036;G3;Çok sert olduğu için hiç aşınmadığı için;;veri;K1;Çakmak taşı her kullanımda kazınarak aşınır (K1).
V036;G3;Tepkimeye girmeyen bir metal olduğu için güvenli olduğu için;;veri;K1;"Seryum oksijenle çok kolay tepkimeye girer (K1); kıvılcım da bu yüzden oluşur."
V036;G3;Seryum mıknatıs olduğu için tekerleği çevirdiği için;;kanitsiz;K2;"Kanıtlarda böyle bir bilgi yok; tekerleği el çevirir."
V036;G4;Ceres asteroidi;evet;;;
V036;G4;"Yunanca 'yalnız değil' (anti-monos); sembolü stibium";;veri;K4;Bu, antimon elementinin adının kökeni. Arşiv notunu yeniden oku.
V036;G4;İskandinavya'nın Latince adı Scandia;;veri;K4;Bu, skandiyum elementinin adının kökeni. Arşiv notunu yeniden oku.
V037;G1;"Görüntü çekildikten kısa süre sonra madde etkisini yitirir; hasta daha az radyasyon alır.";evet;;;
V037;G1;Madde 6 saat içinde vücuttan tamamen kaybolur.;;veri;K1;"Radyoaktiflik 6 saatte yalnızca yarıya iniyor; bir gün sonra bile biraz kalıyor (K1)."
V037;G1;Kısa ömür, kameranın görüntü çekmesini zorlaştırır.;;iliski;K1;"Madde görüntü için yeterince uzun süre ışın yayar; kısa ömür çekimi engellemez, dozu azaltır."
V037;G3;Vücudun dışından kamerayla yakalanabilen gama ışınları yayar ve kısa yarılanma süresi sayesinde hastaya düşük doz verir;evet;;;
V037;G3;Doğada bol bulunduğu ve ucuz olduğu için;;veri;K2;"Bu element doğada kalıcı olarak bulunmuyor; yapay yolla üretiliyor (K2)."
V037;G3;Hiç radyoaktif olmadığı için;;veri;K2;"Bütün izotopları radyoaktif (K2); kamera da zaten yaydığı ışınları yakalıyor."
V037;G3;Kemikleri güçlendirdiği için;;kanitsiz;K1;"Madde görüntü almak için kullanılıyor; kemikleri güçlendirdiğine dair bir kanıt yok."
V037;G4;Yunanca 'yapay' anlamına gelen tekhnetos;evet;;;
V037;G4;Sembolü Latince stannum;;veri;K4;Bu, kalay elementinin adının kökeni. Arşiv notunu yeniden oku.
V037;G4;Latince 'kireç' anlamına gelen calx;;veri;K4;Bu, kalsiyum elementinin adının kökeni. Arşiv notunu yeniden oku.
V038;G1;"Kaynaktaki radyoaktif madde zamanla azalıyor; bir yıl sonra işini yapacak kadar ışın yaymıyor.";evet;;;
V038;G1;Fırçanın kılları bir yılda aşınıyor.;;kanitsiz;K2;Etikette değiştirme nedeni radyoaktif kaynak olarak gösteriliyor (K2).
V038;G1;Kaynak bir yıl sonra daha tehlikeli hâle geliyor.;;veri;K2;"Kaynağın etkinliği zamanla azalıyor (K2); artmıyor."
V038;G3;"Yaydığı alfa parçacıkları havayı iyonlaştırır; iyonlar film üzerindeki statik elektriği nötrleştirir ve toz yapışmaz";evet;;;
V038;G3;Alfa ışınları tozu yakıp yok ettiği için;;iliski;K1;"Alfa parçacıkları tozu yakmaz; havayı iyonlaştırarak statik elektriği giderir (K1)."
V038;G3;Polonyum uzun ömürlü olduğu için fırça yıllarca kullanılabildiği için;;veri;K2;"Etkinliği 138 günde yarıya iniyor (K2); fırça yılda bir değiştiriliyor."
V038;G3;Alfa ışınları kâğıdı ve filmi delip geçebildiği için;;veri;K1;Alfa parçacıkları bir kâğıt yaprağıyla bile durdurulur (K1).
V038;G4;Marie Curie'nin vatanı Polonya;evet;;;
V038;G4;Pallas asteroidi;;veri;K4;Bu, paladyum elementinin adının kökeni. Arşiv notunu yeniden oku.
V038;G4;Latince sulfur;;veri;K4;Bu, kükürt elementinin adının kökeni. Arşiv notunu yeniden oku.
V039;G1;Radyasyon objektifin kendisinden geliyor.;evet;;;
V039;G1;Radyasyon odanın duvarlarından geliyor.;;veri;K1;"Sayaç objektiften uzaklaşınca seyrekleşiyor (K1); kaynak objektif."
V039;G1;Objektif elektrik üretiyor.;;iliski;K1;Geiger sayacı elektrik değil radyasyon ölçer.
V039;G3;Toryum oksit camın ışığı kırma gücünü artırarak daha ince ve daha kaliteli objektifler yapılmasını sağlıyordu;evet;;;
V039;G3;Camı radyoaktif yapıp karanlıkta parlattığı için;;iliski;K2;"Radyoaktiflik istenmeyen bir yan etkidir; oksidin katılma nedeni ışığı daha iyi kırmasıdır (K2)."
V039;G3;Camı mıknatısa çekilir yaptığı için;;kanitsiz;K2;Kanıtlarda böyle bir bilgi yok.
V039;G3;Toryumun radyoaktifliği birkaç yılda bittiği için güvenli olduğu için;;veri;K2;"En yaygın izotopunun yarılanma süresi yaklaşık 14 milyar yıl (K2); radyoaktifliği bitmez."
V039;G4;İskandinav tanrısı Thor;evet;;;
V039;G4;Latince 'odun kömürü' anlamına gelen carbo;;veri;K4;Bu, karbon elementinin adının kökeni. Arşiv notunu yeniden oku.
V039;G4;Yunan gökkuşağı tanrıçası İris;;veri;K4;Bu, iridyum elementinin adının kökeni. Arşiv notunu yeniden oku.
V040;G1;"Güneş panelleri yeterli elektrik üretemez; aracın başka bir enerji kaynağına ihtiyacı var.";evet;;;
V040;G1;Araç karanlıkta göremediği için fotoğraf çekemez.;;kanitsiz;K1;"Araç Plüton'un fotoğraflarını çekti; sorun görmek değil elektrik üretmek."
V040;G1;Araç çok soğuk olduğu için hareket edemez.;;kanitsiz;K1;"Kanıtlar enerji kaynağıyla ilgili; aracın hareket edemediğine dair bir bilgi yok."
V040;G3;"Bozunurken yıllarca sürekli ve düzenli ısı üretir; bu ısı elektriğe çevrilerek güneş ışığına gerek kalmadan araç çalıştırılır";evet;;;
V040;G3;Yandığında roket yakıtı olarak itiş gücü verdiği için;;iliski;K2;"Plütonyum yakılmaz; bozunurken ısı üretir ve bu ısı elektriğe çevrilir (K2)."
V040;G3;Birkaç gün içinde bütün enerjisini verdiği için;;veri;K2;"Yarılanma süresi yaklaşık 88 yıl (K2); enerjisini yıllarca yavaş yavaş verir."
V040;G3;Güneş ışığını depolayıp geceleri verdiği için;;iliski;K2;"Plütonyum güneş ışığı depolamaz; ısısı kendi bozunmasından gelir (K2)."
V040;G4;O dönemde gezegen sayılan Plüton;evet;;;
V040;G4;Latince 'şap' anlamına gelen alumen;;veri;K4;Bu, alüminyum elementinin adının kökeni. Arşiv notunu yeniden oku.
V040;G4;Marie Curie'nin vatanı Polonya;;veri;K4;Bu, polonyum elementinin adının kökeni. Arşiv notunu yeniden oku.
V041;G1;Metal havadaki oksijenle kolayca tepkimeye giriyor.;evet;;;
V041;G1;Metal havadaki ışığı soğuruyor.;;iliski;K2;"Kararma, metal yüzeyinde yeni bir maddenin (oksidin) oluşmasıdır; ışık soğurmakla açıklanmaz."
V041;G1;Metal hiç tepkimeye girmeyen soy bir metaldir.;;veri;K2;"Soy metaller (altın gibi) kararmaz; bu metal havada hızla kararıyor (K2)."
V041;G3;"Radyoaktif bozunması sırasında ısı üretir; bu ısı elektriğe çevrilebilir";evet;;;
V041;G3;Yandığında roket yakıtı gibi itiş gücü verir;;iliski;K2;"Küriyum yakıt olarak yakılmaz; enerjisi radyoaktif bozunmadan gelir."
V041;G3;Güneş ışığını depolar ve gece verir;;kanitsiz;K2;"Küriyumun güneş ışığı depoladığına dair bir kanıt yok; enerjisi kendi bozunmasından gelir."
V041;G3;Havada hızla karardığı için ısı yalıtımı sağlar;;iliski;K2;"Kararma bir yüzey tepkimesidir; güç sağlamakla bir ilgisi yok."
V041;G4;Marie ve Pierre Curie;evet;;;
V041;G4;Stockholm'ün Latince adı Holmia;;veri;K4;Bu, holmiyum elementinin adının kökeni. Arşiv notunu yeniden oku.
V041;G4;Latince 'en koyu kırmızı' anlamına gelen rubidius;;veri;K4;Bu, rubidyum elementinin adının kökeni. Arşiv notunu yeniden oku.
V042;G1;"Amerikyum çok yavaş bozunuyor; 40 yılda atomlarının yalnızca küçük bir bölümü dönüşmüş.";evet;;;
V042;G1;Yeni element dedektörden dışarı sızmış.;;kanitsiz;K1;"Kaynağın sızdığına dair bir kanıt yok; az miktar, bozunmanın yavaşlığıyla açıklanıyor (K1)."
V042;G1;Amerikyum 40 yılda tamamen bozunmuş.;;veri;K1;40 yılda atomların yalnızca yaklaşık %6'sı bozunmuş (K1).
V042;G3;Dedektördeki amerikyum alfa ışıması yaparak zamanla neptünyuma dönüşür;evet;;;
V042;G3;Dedektör üretilirken içine neptünyum konur;;veri;K3;"Kaynağın başlangıçta yalnızca amerikyum içerdiği biliniyor; neptünyum sonradan oluştu."
V042;G3;Havadaki toz dedektörün içinde neptünyuma dönüşür;;iliski;K3;"Toz bir elemente dönüşmez; yeni element amerikyumun bozunmasından gelir (K3)."
V042;G3;Duman neptünyum içerir;;kanitsiz;K3;Dumanın neptünyum içerdiğine dair bir kanıt yok.
V042;G4;Neptün gezegeni;evet;;;
V042;G4;Fransa;;veri;K4;Bu, fransiyum elementinin adının kökeni. Arşiv notunu yeniden oku.
V042;G4;Yunanca 'gizli kalmak' anlamına gelen lanthanein;;veri;K4;Bu, lantan elementinin adının kökeni. Arşiv notunu yeniden oku.
V043;G1;Hiçbir makineye gerek kalmadan, küçücük bir kaynaktan sürekli nötron elde edilir.;evet;;;
V043;G1;Bölünme sırasında petrol oluşur.;;iliski;K1;"Çekirdek bölünmesi petrol oluşturmaz; nötronlar kayadaki petrolü ya da suyu bulmaya yarar."
V043;G1;Kaynak hiç ışıma yapmaz, bu yüzden güvenlidir.;;veri;K1;Kaynak sürekli nötron yayıyor (K1).
V043;G3;"Çok güçlü bir nötron kaynağıdır; gönderdiği nötronlarla kayadaki su, petrol ya da altın-gümüş cevheri gibi maddeler tanınabilir";evet;;;
V043;G3;Kayaları eriterek petrolü yüzeye çıkardığı için;;kanitsiz;K1;"Kaynak kayaları eritmez; nötronlar yalnızca kayanın içeriğini anlamaya yarar (hikâye)."
V043;G3;Doğada bol bulunduğu ve ucuz olduğu için;;veri;K2;Element yalnızca reaktörlerde miligram miktarlarında üretiliyor (K2).
V043;G3;Hiç radyoaktif olmadığı için;;veri;K1;"Çekirdekleri kendiliğinden bölünüyor (K1); element radyoaktif."
V043;G4;Kaliforniya eyaleti ve üniversitesi;evet;;;
V043;G4;Latince 'kireç' anlamına gelen calx;;veri;K4;Bu, kalsiyum elementinin adının kökeni. Arşiv notunu yeniden oku.
V043;G4;'Aktinyumdan önce gelen' anlamı (protos + aktinyum);;veri;K4;Bu, protaktinyum elementinin adının kökeni. Arşiv notunu yeniden oku.
V044;G1;Yarılanma süresi yaklaşık 320 gün olduğu için beklendikçe miktarı azalacaktı.;evet;;;
V044;G1;Element havayla temas edince patladığı için;;kanitsiz;K1;"Kanıtlarda böyle bir bilgi yok; acelenin nedeni bozunma (K1)."
V044;G1;Elementin ömrü milyarlarca yıl olduğu için acele etmeye gerek yoktu;;veri;K1;Yarılanma süresi yaklaşık 320 gün (K1).
V044;G3;Berkelyumun 97 protonu, kalsiyumun 20 protonuyla birleşince tam 117 proton elde edildiği için;evet;;;
V044;G3;Berkelyum çok ucuz ve bol olduğu için;;veri;K1;"Yalnızca 22 miligram üretilebildi (hikâye); berkelyum çok nadir ve pahalıdır."
V044;G3;Berkelyum kararlı olduğu için yıllarca saklanabildiği için;;veri;K1;"Yarılanma süresi yaklaşık 320 gün (K1); kararlı değil."
V044;G3;Berkelyumun adı tennesine benzediği için;;iliski;K3;"Bir elementin adı çekirdek tepkimesini etkilemez; önemli olan proton sayısı (K3)."
V044;G4;Kaliforniya'daki Berkeley şehri;evet;;;
V044;G4;O dönemde gezegen sayılan Plüton;;veri;K4;Bu, plütonyum elementinin adının kökeni. Arşiv notunu yeniden oku.
V044;G4;Fin kimyacı Johan Gadolin;;veri;K4;Bu, gadolinyum elementinin adının kökeni. Arşiv notunu yeniden oku.
V045;G1;Element çok az miktarda üretilebiliyor ve kısa sürede bozunduğu için biriktirmek çok zor.;evet;;;
V045;G1;Element renksiz olduğu için görülemiyordu.;;kanitsiz;K2;Sorun renk değil miktar: tartılabilecek kadarı bile çok zor biriktirildi (K2).
V045;G1;Bilim insanları elementi 9 yıl boyunca aramadı.;;kanitsiz;K2;"Kanıtlarda böyle bir bilgi yok; zorluk elementin kendisinden kaynaklanıyor (K1, K2)."
V045;G3;"Çok az miktarda üretilebilir ve kısa sürede bozunur; yalnızca araştırmalarda kullanılır";evet;;;
V045;G3;Çok ucuz olduğu için kimse ilgilenmez;;kanitsiz;K2;"Element yalnızca birkaç yüz atomluk miktarlarda bulundu (hikâye); ucuz değil, elde edilmesi çok zor."
V045;G3;Yarılanma süresi milyarlarca yıl olduğu için tehlikesiz ama işe yaramaz olduğu için;;veri;K1;Yarılanma süresi yaklaşık 20,5 gün (K1).
V045;G3;Einstein'ın adını taşıdığı için kullanılması yasak olduğu için;;kanitsiz;K2;"Bir elementin adı kullanımını yasaklamaz; bu iddiayı destekleyen bir kanıt yok."
V045;G4;Fizikçi Albert Einstein;evet;;;
V045;G4;"Türkçe 'gümüş'; sembolü Latince argentum";;veri;K4;Bu, gümüş elementinin adının kökeni. Arşiv notunu yeniden oku.
V045;G4;Yunanca 'sarımsı yeşil' anlamına gelen chloros;;veri;K4;Bu, klor elementinin adının kökeni. Arşiv notunu yeniden oku.
V046;G1;"Çekirdek yeni bir nötron yakalayıp ağırlaşmadan önce bölünüyor; bu yüzden daha ağır elementler bu yolla oluşamıyor.";evet;;;
V046;G1;Reaktördeki nötronlar bitiyor.;;kanitsiz;K1;"Kanıtlar zincirin durmasını çekirdeğin bölünmesine bağlıyor (K1); nötronların bittiğine dair bilgi yok."
V046;G1;Çekirdek çok kararlı olduğu için daha fazla nötron almıyor.;;veri;K1;Tam tersi: çekirdek çok kararsız, hemen bölünüyor (K1).
V046;G3;Ancak mikrogram miktarlarında üretilebilmesi ve izotoplarının kısa sürede bozunması;evet;;;
V046;G3;Doğada çok bol bulunduğu için değersiz olması;;kanitsiz;K2;"Fermiyum doğada bulunmaz; reaktörlerde çok az miktarda üretilir."
V046;G3;Hiç radyoaktif olmaması;;veri;K1;"İzotopları kendiliğinden bölünüyor (K1); fermiyum radyoaktif."
V046;G3;Adının Fermi'den gelmesi;;iliski;K2;Bir elementin adı, kullanım alanını belirlemez.
V046;G4;Fizikçi Enrico Fermi;evet;;;
V046;G4;"İsveççe 'ağır taş' (tung sten); sembolü wolfram";;veri;K4;Bu, tungsten elementinin adının kökeni. Arşiv notunu yeniden oku.
V046;G4;Rusya'nın Latince adı Ruthenia;;veri;K4;Bu, rutenyum elementinin adının kökeni. Arşiv notunu yeniden oku.
V047;G1;Radyoaktif bozunma → ışık → elektrik;evet;;;
V047;G1;Elektrik → ışık → radyoaktif bozunma;;veri;K1;"Sıra ters yazılmış; enerji radyoaktif maddeden başlıyor (K1)."
V047;G1;Yanma → ısı → elektrik;;iliski;K1;"Pilde yanma yok; enerji radyoaktif bozunmadan geliyor (K1)."
V047;G3;Bütün izotopları radyoaktiftir ve Dünya'nın yaşına göre çok kısa sürede bozunurlar;evet;;;
V047;G3;Çok hafif olduğu için atmosferden uzaya kaçtığı için;;iliski;K2;"Prometyum ağır bir metaldir; bulunmamasının nedeni bozunmasıdır (K2)."
V047;G3;Bütün prometyum pillerde kullanılıp tükendiği için;;kanitsiz;K2;Prometyum insanlar kullanmadan önce de doğada yoktu (K2).
V047;G3;Diğer lantanitlerle tepkimeye girip kaybolduğu için;;kanitsiz;K2;"Kanıtlarda böyle bir bilgi yok; asıl neden kısa yarılanma süresi (K2)."
V047;G4;Tanrılardan ateşi çalan Prometheus;evet;;;
V047;G4;Fransa'nın Latince adı Gallia;;veri;K4;Bu, galyum elementinin adının kökeni. Arşiv notunu yeniden oku.
V047;G4;Yunanca 'su oluşturan' anlamına gelen sözcükler;;veri;K4;Bu, hidrojen elementinin adının kökeni. Arşiv notunu yeniden oku.
V048;G1;"Element üretilse bile kısa sürede bozunur; sergilenecek kadar biriktirilemez.";evet;;;
V048;G1;Element renksiz olduğu için kutu boş görünüyor.;;kanitsiz;K1;"Etikette elementin gözle görülebilecek kadarının hiç toplanamadığı yazıyor; renkle ilgili değil."
V048;G1;Element havada yandığı için kutuda durmuyor.;;kanitsiz;K1;"Kanıtlar bozunmayı gösteriyor (K1); yanmaya dair bir bilgi yok."
V048;G3;"Ölçümler kimyasal olarak iyota benzediğini gösterdi; periyodik tabloda da iyotun altında, halojenler grubunda yer alır";evet;;;
V048;G3;Gözle görülen rengine bakılarak;;veri;K1;Elementin gözle görülebilecek kadarı hiç toplanamadı (hikâye, K1).
V048;G3;Tartılıp yoğunluğu ölçülerek;;veri;K1;Tartılabilecek miktarda hiç elde edilemedi (K1).
V048;G3;Soy gazlar gibi hiç tepkimeye girmediği için;;veri;K2;"Astatin bir halojen gibi davranıyor (K2); soy gaz değil."
V048;G4;Yunanca 'kararsız' anlamına gelen astatos;evet;;;
V048;G4;Yunan mitolojisindeki Kral Tantalos;;veri;K4;Bu, tantal elementinin adının kökeni. Arşiv notunu yeniden oku.
V048;G4;Yunanca 'yapay' anlamına gelen tekhnetos;;veri;K4;Bu, teknesyum elementinin adının kökeni. Arşiv notunu yeniden oku.
V049;G1;Sezyumla aynı grupta, yani alkali metallerin bulunduğu 1A grubunda yer alır.;evet;;;
V049;G1;Sezyumla aynı periyotta yer alır.;;iliski;K1;Benzer kimyasal davranış aynı periyotta değil, aynı grupta olmanın sonucudur.
V049;G1;Soy gazların yanında yer alır.;;veri;K1;"Element bir alkali metal (K1); soy gaz değil."
V049;G3;En kararlı izotopunun bile yarılanma süresi 22 dakika olduğu için biriktirilemez;evet;;;
V049;G3;Hiç tepkimeye girmediği için;;veri;K1;Alkali metaller çok etkin metallerdir (K1).
V049;G3;Çok zehirli olduğu için kullanılması yasak olduğu için;;kanitsiz;K2;"Kanıtlarda böyle bir bilgi yok; asıl neden çok kısa ömrü (K2)."
V049;G3;Sezyumdan daha ucuz olduğu için kimse ilgilenmediği için;;kanitsiz;K2;Fransiyum biriktirilemediği için satın alınabilecek bir madde değil.
V049;G4;Fransa;evet;;;
V049;G4;"Türkçe 'demir'; sembolü Latince ferrum";;veri;K4;Bu, demir elementinin adının kökeni. Arşiv notunu yeniden oku.
V049;G4;Kaliforniya'daki Berkeley şehri;;veri;K4;Bu, berkelyum elementinin adının kökeni. Arşiv notunu yeniden oku.
V050;G1;"Element cevherde çok az bulunur; az miktar elde etmek için bile çok fazla cevher işlemek gerekir.";evet;;;
V050;G1;Element cevherin yarısını oluşturur.;;veri;K2;150 miligram, bir tonun çok küçük bir bölümüdür (K2).
V050;G1;Cevher işlenince element çoğalır.;;kanitsiz;K2;"Cevherin işlenmesi elementi çoğaltmaz; yalnızca ayırır."
V050;G3;Çok güçlü radyoaktifliğinin çevresindeki havayı uyararak ışık yaydırması;evet;;;
V050;G3;Gündüz güneş ışığını depolayıp gece yayması;;veri;K1;"Işık havayı uyaran radyoaktiflikten geliyor (K1); depolanmış güneş ışığından değil."
V050;G3;Metalin havada yanması;;kanitsiz;K1;"Kanıtlarda yanmaya dair bir bilgi yok; ışığın kaynağı radyoaktiflik (K1)."
V050;G3;Mavi renkli bir boyayla kaplanması;;kanitsiz;K1;"Kanıtlarda boyadan söz edilmiyor; ışık metalin kendi radyoaktifliğinden geliyor (K1)."
V050;G4;Yunanca 'ışın' anlamına gelen aktinos;evet;;;
V050;G4;"Merkür gezegeni; sembolü 'sıvı gümüş' anlamına gelen hydrargyrum";;veri;K4;Bu, cıva elementinin adının kökeni. Arşiv notunu yeniden oku.
V050;G4;Sembolü Latince stannum;;veri;K4;Bu, kalay elementinin adının kökeni. Arşiv notunu yeniden oku.
V051;G2;Brom;evet;;;
V051;G2;İyot;evet;;;
V051;G2;Flor;;veri;K6;"Flor gazdır; gaz olma kanıtı onu elemez."
V051;G2;Klor;;veri;K6;"Klor gazdır; gaz olma kanıtı onu elemez."
V051;G3;"En dış elektronlar 2. katmanda (2s² 2p⁵); yani element 2. periyotta. 2. periyottaki halojen flordur.";evet;;;
V051;G3;Dizilimdeki 7 elektron elementin 7. periyotta olduğunu gösterir.;;veri;K3;"Son katmandaki elektron sayısı grubu, katman numarası periyodu gösterir; buradaki son katman 2. katman."
V051;G3;"Dizilim iki elementte de aynıdır; onları ayırmaz.";;veri;K3;"Klorun dizilimi 1s² 2s² 2p⁶ 3s² 3p⁵'tir; üçüncü katmanda biter."
V051;G3;Toplam 9 elektron olduğu için element 9. gruptadır.;;iliski;K3;"Toplam elektron sayısı atom numarasını verir; grubu en dış katmandaki elektronlar belirler."
V051;G5;"Saf flor bilinen en tepkimeye yatkın ve tehlikeli elementtir; bileşiklerindeki florür iyonu ise kararlıdır ve diş minesini güçlendirir.";evet;;;
V051;G5;Saf flor gaz olduğu için tüpe sığmaz.;;iliski;K2;"Gazlar sıkıştırılarak kaplarda saklanabilir; asıl sorun florun aşırı tepkimeye yatkın olması."
V051;G5;Florür iyonu flor atomundan daha tepkimeye yatkındır.;;veri;K5;"Florür iyonu elektron alarak kararlı hâle gelmiştir; saf flor çok daha tepkimeye yatkındır."
V051;G5;Saf flor dişleri beyazlatır ama tadı kötüdür.;;kanitsiz;K4;"Bu iddiayı destekleyen bir kanıt yok; saf flor çok tehlikeli bir gazdır."
V051;G6;Yapışmaz tava kaplaması;evet;;;
V051;G6;Diş macunu;evet;;;
V051;G6;Su geçirmez giysi kumaşları;evet;;;
V051;G6;Süs balonlarını doldurmak;;iliski;K4;"Balonlarda helyum kullanılır; flor zehirli ve aşırı tepkimeye yatkın bir gazdır."
V051;G6;Kurşun kalem ucu;;iliski;K2;Kalem ucunda grafit (karbon) vardır.
V051;G7;"Latincede 'akmak' anlamına gelen 'fluere' kelimesinden; florit minerali metal eritmede kullanılıyordu.";evet;;;
V051;G7;Işık saçan 'floresan' lambalardan;;iliski;K7;Tersine: 'floresan' kelimesi florit mineralinden türetilmiştir. Element adını lambalardan almadı.
V051;G7;Onu elde eden Moissan'ın memleketinden;;kanitsiz;K7;Arşiv notunda böyle bir bilgi yok.
V051;G7;Latincede 'sarı' anlamına gelen bir kelimeden;;iliski;K2;Flor soluk sarı-yeşil bir gaz olduğu için bu açıklama akla yatkın görünebilir, ama arşiv notunda böyle yazmıyor.
V052;G1;Lityum;evet;;;
V052;G1;Stronsiyum;evet;;;
V052;G1;Kalsiyum;;veri;K2;Kalsiyumun alevi turuncu-kırmızıdır (tuğla kırmızısı), kızıl değildir.
V052;G1;Baryum;;veri;K2;Baryum yeşil alev verir.
V052;G1;Sodyum;;veri;K2;Sodyum sarı-turuncu alev verir.
V052;G2;Metalin periyodik tablodaki grubunu gösteren bir elementel analiz;evet;;;
V052;G2;Alev testini bir kez daha yapmak;;veri;K2;"İki aday da kızıl alev verir; testi yinelemek onları ayırmaz."
V052;G2;Tuzun suda çözünüp çözünmediğine bakmak;;kanitsiz;;"Bu konuda bir kanıt yok; ayrıca birçok tuz suda çözünür."
V052;G2;Fişeğin patlama sesinin şiddetini ölçmek;;iliski;K1;"Patlama sesi fişeğin barutuna bağlıdır; rengi veren metal hakkında bilgi vermez."
V052;G3;"Metal 2. grupta olduğu için lityum elenir; yoğunluk da yalnızca stronsiyumla uyumlu.";evet;;;
V052;G3;Yoğunluk baryumla da uyumlu.;;veri;K4;3,62, ölçüm aralığının (2,5–2,7) dışında.
V052;G3;2. gruptaki bütün metallerin yoğunluğu aynıdır.;;veri;K4;Verilen değerler 1,54 ile 3,62 arasında değişiyor.
V052;G3;"Karar verilemez; yoğunluk g/cm³ ile değil gram ile ölçülür.";;birim;K4;"Gram kütle birimidir; yoğunluğun birimi g/cm³'tür."
V052;G5;"Her metal ısıtılınca kendine özgü renklerde ışık yayar; fişeklere farklı metallerin tuzları konarak farklı renkler elde edilir.";evet;;;
V052;G5;"Fişeklere boya katılır; boyanın rengi alevde görünür.";;iliski;K2;"Renk boyadan değil, metal atomlarının yaydığı ışıktan gelir; tablo her metalin kendi rengini gösteriyor."
V052;G5;Renk, fişeğin ne kadar yükseğe çıktığına bağlıdır.;;kanitsiz;;Bu iddiayı destekleyen bir kanıt yok.
V052;G5;"Bütün metaller aynı rengi verir; renk farkı sıcaklıktan gelir.";;veri;K2;Tablo, farklı metallerin farklı renkler verdiğini gösteriyor.
V052;G6;İskoçya'daki Strontian kasabası yakınındaki bir madende bulunan mineralden;evet;;;
V052;G6;"İngilizce 'strong' (güçlü) kelimesinden; patlayıcı olduğu için";;iliski;K6;"Element adını bir yer adından alır; patlayıcılıkla ilgisi yok."
V052;G6;Onu bulan kimyagerin adından;;kanitsiz;K6;Arşiv notunda bir yer adından söz ediliyor.
V052;G6;Latincede 'kırmızı' anlamına gelen bir kelimeden;;iliski;K6;Kırmızı alev verdiği için akla yatkın görünebilir, ama arşiv notunda bir yer adından söz ediliyor.
V052;G7;"Alev testi adayları kızıl alev veren lityum ve stronsiyuma indirdi; analiz metalin 2. grupta olduğunu gösterdi ve yoğunluk da stronsiyumla uyuşuyor.";evet;;;
V052;G7;Havai fişeklerde hep stronsiyum kullanıldığı için.;;kanitsiz;;"Genel bir bilgi bu örneğin kanıtı olamaz; fişeklerde başka metaller de kullanılır."
V052;G7;Kızıl alev verdiği için.;;kanitsiz;K1;"Lityum da kızıl alev verir; bu kanıt tek başına yetmez."
V052;G7;2. grupta olduğu için.;;kanitsiz;K3;2. grupta altı element var.
V052;G8;Lityum: o da kızıl alev verir, ama 1. gruptadır ve yoğunluğu (0,534 g/cm³) ölçümle uyuşmaz.;evet;;;
V052;G8;Baryum: o da 2. gruptadır, ama alevi yeşildir.;;veri;K2;"Bu doğru bir ifade, ama baryum alev testiyle hemen elendi; en ciddi alternatif değildi."
V052;G8;Kalsiyum: alevi stronsiyumunkiyle aynıdır.;;veri;K2;"Tabloya göre kalsiyumun alevi turuncu-kırmızıdır; kızıl değildir."
V052;G8;Sodyum: en parlak alevi verir.;;iliski;K2;"Alevin parlaklığı değil rengi önemli; sodyumun alevi sarı-turuncudur."
V053;G1;"Hayır; renk benzerliği ortak bir element içerdiklerini göstermez. Kimyasal analiz gerekir.";evet;;;
V053;G1;"Evet; beyaz olan bütün maddeler aynı elementi içerir.";;iliski;;Tuz, şeker ve kâğıt da beyazdır ama farklı elementlerden oluşur.
V053;G1;"Evet; röntgen her zaman hangi element olduğunu gösterir.";;kanitsiz;;"Röntgen yalnızca X ışınlarının ne kadar soğurulduğunu gösterir; elementin adını söylemez."
V053;G1;"Hayır; kemikte hiçbir element yoktur.";;veri;K5;Kemik deneyi kemikte asitte çözünen bir mineral olduğunu gösteriyor.
V053;G3;Yalnızca kalsiyum (1,54 g/cm³);evet;;;
V053;G3;"Magnezyum (1,74 g/cm³); en yakın değer o";;veri;K3;"1,74, 1,4–1,6 aralığının dışında; aralıktaki tek değer kalsiyumunki (1,54)."
V053;G3;Berilyum (1,85 g/cm³);;veri;K3;1,85, ölçüm aralığının dışında.
V053;G3;"Hiçbiri; metallerin yoğunluğu 2 g/cm³'ten küçük olamaz.";;iliski;K4;"Tabloda yoğunluğu 2 g/cm³'ten küçük üç metal var; lityum gibi bazı metaller sudan bile hafiftir."
V053;G5;"Kemiğin sertliği kalsiyum içeren bir mineralden gelir; asit bu minerali çözünce geriye esnek kısım kalır.";evet;;;
V053;G5;Sirke kemiğe kalsiyum ekleyerek onu yumuşatır.;;iliski;K5;"Sirke kemiğe bir şey eklemedi; kemikteki minerali çözdü."
V053;G5;Kemik sirkeyi emip şişer, bu yüzden bükülür.;;kanitsiz;K5;"Kemiğin şiştiğini gösteren bir kanıt yok; kanıt bir mineralin çözündüğünü söylüyor."
V053;G5;"Kemikte hiç mineral yoktur; bükülmek kemiğin doğal hâlidir.";;veri;K5;"Deneyden önce kemik serttir; bükülebilir hâle gelmesi bir şeyin çözüldüğünü gösteriyor."
V053;G6;Kireçtaşı ve mermer;evet;;;
V053;G6;Çimento ve harç;evet;;;
V053;G6;Kırık kemikler için alçı;evet;;;
V053;G6;Uçan balonları doldurmak;;iliski;K2;"Kalsiyum katı bir metaldir; balonlarda helyum gibi havadan hafif gazlar kullanılır."
V053;G6;Termometre sıvısı;;iliski;K4;"Kalsiyum 842 °C'de erir; oda sıcaklığında sıvı olan metal cıvadır."
V053;G7;Latincede 'kireç' anlamına gelen 'calx' kelimesinden;evet;;;
V053;G7;Onu elde eden Davy'nin memleketinden;;kanitsiz;K7;Arşiv notunda böyle bir bilgi yok.
V053;G7;"'Kalori' kelimesinden; vücuda enerji verdiği için";;iliski;K7;"Kalsiyum besinlerde enerji kaynağı değildir; ad 'kireç' anlamındaki 'calx'tan gelir."
V053;G7;Kemik anlamına gelen Yunanca bir kelimeden;;iliski;K7;Kalsiyum kemikte bulunduğu için akla yatkın görünebilir, ama notta böyle yazmıyor.
V053;G8;"Fosfor 2. grupta değil 15. gruptadır; ayrıca alçı (kalsiyum sülfat) fosfor içermez.";evet;;;
V053;G8;Fosfor kemikte hiç bulunmaz.;;veri;K5;"Kemik minerali kalsiyum fosfattır; fosfor içerir. Hipotezin reddedilme nedeni bu değil."
V053;G8;Fosfor bir gazdır.;;veri;;Fosfor oda sıcaklığında katıdır.
V053;G8;Fosfor kemikte bulunduğu için hipotez reddedilemez.;;kanitsiz;K1;"Bir elementin kemikte bulunması, alçıda da bulunduğunu göstermez; analiz de 2. grubu gösteriyor."
V054;G2;Lityum (0,534 g/cm³);evet;;;
V054;G2;Potasyum (0,89 g/cm³), çünkü listedeki en hafif metal o;;veri;K4;Tabloda lityumun yoğunluğu (0,534) potasyumunkinden (0,89) düşük.
V054;G2;Sodyum (0,97 g/cm³);;veri;K2;0,97, ölçüm aralığının (0,51–0,55) dışında.
V054;G2;"Sezyum; grupta aşağı inildikçe yoğunluk azalır";;veri;K4;Tabloya göre yoğunluk grupta aşağı inildikçe genel olarak artar.
V054;G3;Potasyum: sodyumdan sonra geldiği hâlde yoğunluğu (0,89) sodyumunkinden (0,97) düşük.;evet;;;
V054;G3;Lityum: en hafif metal olduğu için.;;veri;K4;"Lityum grubun en üstünde ve en hafifi; eğilime uyuyor."
V054;G3;Sezyum: en yoğun olduğu için.;;veri;K4;"Sezyum grubun en altında ve en yoğunu; eğilime uyuyor."
V054;G3;"Hiçbiri; eğilim kusursuz.";;veri;K4;Sodyum ile potasyumun yoğunluklarını karşılaştır.
V054;G4;"Reddedilir; stronsiyum da kızıl alev verir ama 2. gruptadır ve yoğunluğu 2,64 g/cm³'tür.";evet;;;
V054;G4;"Kabul edilir; kızıl alev yalnızca stronsiyumda görülür.";;veri;K4;Tabloya göre lityum da kızıl alev verir.
V054;G4;"Kabul edilir; stronsiyum da bir alkali metaldir.";;veri;K1;"Stronsiyum toprak alkali metaldir (2. grup); analiz ise 1. grubu gösteriyor."
V054;G4;"Karar verilemez; alev testi hiçbir şey göstermez.";;kanitsiz;K3;"Alev testi adayları daraltan değerli bir kanıttır; ama tek başına yetmez."
V054;G6;"Bütün metaller içinde en hafifidir ve elektronunu kolayca verir; hafif bir pilde çok enerji depolanabilir.";evet;;;
V054;G6;Suyla hiç tepkimeye girmediği için güvenlidir.;;veri;K5;Lityum suyla tepkimeye girer.
V054;G6;Kızıl alev verdiği için pil şarj olurken ışık saçar.;;iliski;K3;Alev rengi pilin çalışmasıyla ilgili değildir.
V054;G6;Erime noktası çok yüksek olduğu için hiç ısınmaz.;;veri;K4;"Lityumun erime noktası 180,5 °C; metaller arasında düşük sayılır."
V054;G7;Diğer yaygın alkali metaller bitki küllerinden bulunurken lityum bir mineralden (taştan) bulundu.;evet;;;
V054;G7;Taş kadar sert olduğu için.;;veri;K7;Lityum yumuşak bir metaldir.
V054;G7;Pillerde taş gibi uzun ömürlü olduğu için.;;iliski;K7;Ad, pillerin icadından çok önce, 1817'de verildi.
V054;G7;Onu bulan kişinin adı Lithos olduğu için.;;kanitsiz;K7;Arşiv notunda kâşifin adı Arfvedson.
V054;G8;"Delinmemeli, ezilmemeli ve ısıtılmamalı; hasarlı pil alev alabilir. Atık pil toplama noktasına verilmeli.";evet;;;
V054;G8;Suya batırılırsa güvenli hâle gelir.;;iliski;K5;Lityum suyla tepkimeye girer.
V054;G8;"Şişmiş pil daha çok enerji depolar; kullanmaya devam edilebilir.";;kanitsiz;;"Bu iddiayı destekleyen bir kanıt yok; şişme bir hasar belirtisidir."
V054;G8;Lityum radyoaktif olduğu için pil kurşun kutuda saklanmalı.;;veri;K1;Lityum radyoaktif değildir.
V055;G1;"Gaz yanmayı desteklemiyor; ama bu özellik birçok gazda var, tek başına kimliği göstermez.";evet;;;
V055;G1;Gaz zehirlidir.;;iliski;K1;"Mumun sönmesi yanmayı desteklememekle ilgilidir; zehirlilikle değil."
V055;G1;Gaz karbondioksittir.;;kanitsiz;K4;Tabloya göre başka gazlar da mumu söndürür.
V055;G1;Gaz oksijendir.;;veri;K4;Oksijen mumu söndürmez, daha parlak yakar.
V055;G2;Azot;evet;;;
V055;G2;Argon;evet;;;
V055;G2;Helyum;evet;;;
V055;G2;Karbondioksit;;veri;K3;"Karbondioksit kireç suyunu bulandırır; test sonucuyla uyuşmuyor."
V055;G2;Oksijen;;veri;K1;"Oksijen mumu söndürmez; mumu daha parlak yakar."
V055;G3;Azot (0,001145 g/cm³);evet;;;
V055;G3;Argon (0,001633 g/cm³);;veri;K5;0,001633, ölçüm aralığının dışında.
V055;G3;Helyum (0,000164 g/cm³);;veri;K5;0,000164, ölçüm aralığının çok dışında.
V055;G3;"Hiçbiri; gazların yoğunluğu ölçülemez.";;birim;K5;Gazların da yoğunluğu vardır. Değerler çok küçük olduğu için çoğu zaman g/cm³ yerine g/L ya da kg/m³ kullanılır.
V055;G5;"Azot tepkimeye pek girmez; oksijen gibi yağın bozulmasına yol açmaz. Gaz ayrıca cipslerin ezilmesini önler.";evet;;;
V055;G5;Azot cipsleri soğutur.;;iliski;K7;"Paketteki azot oda sıcaklığındadır; cipsleri soğutmaz."
V055;G5;Azot havadan çok daha ağır olduğu için paketi sabit tutar.;;veri;K4;Azot havadan biraz hafiftir.
V055;G5;Azot mikropları öldüren zehirli bir gazdır.;;veri;K4;"Soluduğumuz havanın yaklaşık %78'i azottur; azot zehirli değildir."
V055;G6;"Sembol uluslararası 'nitrogen' adından gelir; Türkçedeki 'azot' adı ise Fransızca 'azote'tan geçmiştir.";evet;;;
V055;G6;N, 'nefes' kelimesinden gelir.;;kanitsiz;K6;Arşiv notunda böyle bir bilgi yok.
V055;G6;A sembolü argona ayrıldığı için N seçilmiştir.;;kanitsiz;K6;"Argonun sembolü Ar'dır; semboller rastgele değil, adlardan gelir."
V055;G6;N, azotun 'nötr' (tepkimeye girmeyen) olmasından gelir.;;iliski;K6;Arşiv notuna göre N, 'nitrogen' adından gelir.
V055;G7;"Bu gazda mum sönüyor ve canlılar yaşayamıyordu; gaz yanmayı ve solunumu desteklemiyordu.";evet;;;
V055;G7;Gaz zehirli olduğu için canlıları öldürüyordu.;;iliski;K4;"Azot zehirli değildir; havanın %78'ini oluşturur. Saf azotta canlılar oksijensiz kaldıkları için yaşayamaz."
V055;G7;Gaz hiçbir zaman canlılar tarafından kullanılmaz.;;veri;K7;"Azot proteinlerin ve DNA'nın temel elementlerinden biridir; bitkiler azotlu bileşikleri gübre olarak kullanır."
V055;G7;Gaz yalnızca uzayda bulunduğu için.;;kanitsiz;K4;Havanın yaklaşık %78'i azottur.
V055;G8;Paketteki gaz hava değil azottur: mumu söndürüyor, kireç suyunu bulandırmıyor ve yoğunluğu azotla uyuşuyor. Azot cipslerin bozulmasını ve ezilmesini önlemek için konur.;evet;;;
V055;G8;Paketteki gaz havadır, çünkü havanın çoğu azottur.;;veri;K1;"Havada %21 oksijen de var; paketteki gaz mumu söndürdüğüne göre oksijen içermiyor."
V055;G8;Gaz helyumdur, çünkü paketi hafifletir.;;veri;K5;Gazın yoğunluğu helyumla uyuşmuyor.
V055;G8;"Gazın ne olduğu önemli değil; paketteki boşluk her zaman haksızlıktır.";;kanitsiz;;"Bu bir görüş, bilimsel bir yanıt değil; soru gazın ne olduğu ve neden konduğu."
V056;G1;"Roket kalkarken taşıdığı yakıtı da kaldırmak zorunda; aynı enerji için daha az kütle taşımak gerekir.";evet;;;
V056;G1;Roket ne kadar ağır olursa o kadar hızlı uçar.;;iliski;K2;"Ağırlık arttıkça roketi kaldırmak için daha çok enerji gerekir; ağırlık hızı artırmaz."
V056;G1;Yakıtın enerjisi roketin rengini belirler.;;iliski;K2;Yakıtın enerjisiyle deponun rengi arasında bir neden-sonuç bağı yok.
V056;G3;Hidrojen;evet;;;
V056;G3;Helyum;;veri;K5;Tabloya göre helyum: −269 °C. Bu değer ölçüm aralığının (−255–−251) dışında kalıyor.
V056;G3;Azot;;veri;K5;Tabloya göre azot: −196 °C. Bu değer ölçüm aralığının (−255–−251) dışında kalıyor.
V056;G3;Neon;;veri;K5;Tabloya göre neon: −246 °C. Bu değer ölçüm aralığının (−255–−251) dışında kalıyor.
V056;G4;Kilogram başına çok yüksek enerji verir ve oksijenle yanınca yalnızca su oluşur;evet;;;
V056;G4;Oda sıcaklığında sıvı olduğu için kolay saklandığı için;;veri;K5;"Hidrojen ancak çok düşük sıcaklıkta sıvılaşır (K5); oda sıcaklığında gazdır."
V056;G4;Yanmadığı için güvenli olduğu için;;veri;K1;"Yakıt oksijenle yakılıyor (K1); hidrojen yanıcıdır."
V056;G4;Çok ağır olduğu için roketi dengelediği için;;veri;K2;"Hidrojen en hafif elementtir; seçilme nedeni kilogram başına enerjisi (K2)."
V057;G1;Su molekülünde bu elementin atomları, diğer elementin atomlarının iki katı kadar.;evet;;;
V057;G1;İki gaz aynı elementtir.;;veri;K2;Gazlar farklı tüplerde toplandı ve kibrit testi yalnızca birinde 'pıt' sesi verdi (K2).
V057;G1;Eksi kutup daha çok elektrik harcadığı için daha çok gaz çıkar.;;iliski;K1;"İki elektrottan aynı akım geçer; hacim farkı suyun yapısından kaynaklanır."
V057;G3;Hidrojen;evet;;;
V057;G3;Helyum;;veri;K5;Tabloya göre helyum: −269 °C. Bu değer ölçüm aralığının (−255–−251) dışında kalıyor.
V057;G3;Azot;;veri;K5;Tabloya göre azot: −196 °C. Bu değer ölçüm aralığının (−255–−251) dışında kalıyor.
V057;G3;Neon;;veri;K5;Tabloya göre neon: −246 °C. Bu değer ölçüm aralığının (−255–−251) dışında kalıyor.
V057;G4;"Sudan elde edilebilir ve yandığında yeniden su oluşur; karbondioksit açığa çıkmaz";evet;;;
V057;G4;Hiç enerji vermediği için doğaya zarar vermediği için;;iliski;K2;"Hidrojen yanınca enerji verir (K2'deki küçük patlama bunu gösteriyor); temiz olmasının nedeni atığının su olması."
V057;G4;Havadan ağır olduğu için atmosfere karışmadığı için;;veri;K4;Hidrojen en hafif gazdır.
V057;G4;Elektrolizde artı kutupta toplandığı için;;veri;K1;"Bu gaz eksi kutupta toplandı (hikâye); üstelik toplandığı kutup, yakıt olmasının nedeni değildir."
V058;G1;Soğutucu sıvının kaynama noktası son derece düşük olmalı.;evet;;;
V058;G1;Soğutucu çok yüksek sıcaklıkta kaynamalı.;;veri;K1;Yüksek sıcaklıkta kaynayan bir sıvı telleri bu kadar soğuk tutamaz (K1).
V058;G1;Soğutucu elektriği iyi iletmeli.;;iliski;K1;"Soğutucunun görevi telleri soğutmak; elektriği teller iletir."
V058;G3;Hidrojen;;veri;K5;Tabloya göre hidrojen: −253 °C. Bu değer ölçüm aralığının (−272–−266) dışında kalıyor.
V058;G3;Helyum;evet;;;
V058;G3;Azot;;veri;K5;Tabloya göre azot: −196 °C. Bu değer ölçüm aralığının (−272–−266) dışında kalıyor.
V058;G3;Neon;;veri;K5;Tabloya göre neon: −246 °C. Bu değer ölçüm aralığının (−272–−266) dışında kalıyor.
V058;G4;Bütün maddeler içinde en düşük kaynama noktasına sahip olduğu için mıknatısı mutlak sıfıra çok yakın sıcaklıklarda tutabilir;evet;;;
V058;G4;Havadan hafif olduğu için cihazı hafiflettiği için;;iliski;K5;"Hafiflik balonlarda işe yarar; MR'da önemli olan çok düşük kaynama noktası (K5)."
V058;G4;Elektriği çok iyi ilettiği için;;iliski;K1;"Elektriği süper iletken teller iletir; helyumun görevi soğutmaktır (K1)."
V058;G4;Tellerle tepkimeye girip onları güçlendirdiği için;;veri;K2;Helyum hiçbir maddeyle tepkimeye girmez (K2).
V059;G1;"Işığı yansıtma işini altın yapıyor; aynanın ana metali ise başka bir özelliği için seçilmiş.";evet;;;
V059;G1;Aynanın tamamı altından yapılmış.;;veri;K1;"Altın yalnızca yüzeydeki ince tabaka; parçalar başka bir metalden (K1)."
V059;G1;Altın, teleskobu daha ağır ve dengeli yapmak için kaplanmış.;;iliski;K1;"Tabaka çok ince; amacı ağırlık değil, ışığı yansıtmak."
V059;G3;Lityum;;veri;K5;Tabloya göre lityum: 0,53 g/cm³. Bu değer ölçüm aralığının (1,82–1,88) dışında kalıyor.
V059;G3;Berilyum;evet;;;
V059;G3;Bor;;veri;K5;Tabloya göre bor: 2,34 g/cm³. Bu değer ölçüm aralığının (1,82–1,88) dışında kalıyor.
V059;G3;Magnezyum;;veri;K5;Tabloya göre magnezyum: 1,74 g/cm³. Bu değer ölçüm aralığının (1,82–1,88) dışında kalıyor.
V059;G4;Çok hafif ve sert olduğu, aşırı soğukta bile şeklini koruduğu için;evet;;;
V059;G4;Işığı çok iyi yansıttığı için;;veri;K1;Işığı yansıtan, üzerindeki altın tabakası (K1).
V059;G4;Soğukta büzülüp aynayı küçülttüğü için;;veri;K2;Metal soğukta şeklini neredeyse hiç değiştirmiyor (K2).
V059;G4;Çok yoğun olduğu için teleskobu sarsıntılara karşı sabitlediği için;;veri;K5;"Ölçülen yoğunluk (K5) çok düşük; berilyum çok hafif bir metaldir."
V060;G1;Bölünmeleri sürdüren nötronların bir kısmını yutarak zincirleme tepkimeyi yavaşlatır.;evet;;;
V060;G1;Nötron sayısını artırıp tepkimeyi hızlandırır.;;veri;K1;"Madde nötronları yutuyor (K1); yutulan nötron sayısı azalır."
V060;G1;Suyu ısıtarak buhar üretir.;;iliski;K1;"Isıyı çekirdek bölünmesi üretir; bu maddenin görevi nötronları yutmak (K1)."
V060;G3;Berilyum;;veri;K5;Tabloya göre berilyum: 1287 °C. Bu değer ölçüm aralığının (2027–2127) dışında kalıyor.
V060;G3;Bor;evet;;;
V060;G3;Alüminyum;;veri;K5;Tabloya göre alüminyum: 660 °C. Bu değer ölçüm aralığının (2027–2127) dışında kalıyor.
V060;G3;Silisyum;;veri;K5;Tabloya göre silisyum: 1414 °C. Bu değer ölçüm aralığının (2027–2127) dışında kalıyor.
V060;G4;"Bor-10 izotopu nötronları çok iyi yutar; böylece zincirleme tepkime denetim altında tutulur";evet;;;
V060;G4;Bor yanınca santrale ek enerji verdiği için;;iliski;K1;"Bor santralde yakılmaz; görevi nötronları yutmak (K1)."
V060;G4;Bor radyasyonu artırdığı için;;veri;K1;"Bor nötronları yutarak tepkimeyi yavaşlatır (K1); radyasyonu artırmaz."
V060;G4;Bor ısıya dayanıklı cam yaptığı için reaktörü yalıttığı için;;iliski;K2;"Isıya dayanıklı cam borun başka bir kullanımıdır (K2); reaktördeki görevi nötron yutmak."
V061;G1;"Taneler çok gözenekli; maddelerin tutunabileceği çok geniş bir yüzeyleri var.";evet;;;
V061;G1;Taneler suda çözünüyor.;;kanitsiz;K1;"Kanıtlarda tanelerin çözündüğüne dair bir bilgi yok; yüzey alanı gözeneklilikten geliyor."
V061;G1;Taneler çok ağır.;;iliski;K1;"Yüzey alanı ağırlığı göstermez; tanelerin içindeki gözeneklerin çokluğunu gösterir."
V061;G3;Çok gözenekli yapısı, sudaki koku ve tat veren maddeleri yüzeyinde tutar;evet;;;
V061;G3;Suyu kaynatarak mikropları öldürdüğü için;;iliski;K1;"Filtre suyu kaynatmaz; maddeleri yüzeyinde tutar (K1)."
V061;G3;Suya karbon ekleyerek tadını güzelleştirdiği için;;iliski;K1;Aktif karbon suya bir şey eklemez, sudaki maddeleri tutar.
V061;G3;Suda çözünüp kirleri dibe çöktürdüğü için;;kanitsiz;K1;Tanelerin suda çözündüğüne dair bir kanıt yok.
V062;G1;"Bitkiler bu elementi topraktaki bileşiklerden almak zorunda; toprakta azalınca gübreyle eklenmesi gerekir.";evet;;;
V062;G1;Bitkiler bu elemente hiç ihtiyaç duymaz.;;kanitsiz;K2;"Gübrenin ürünleri artırdığı biliniyor (hikâye); bitkilerin bu elemente ihtiyacı var."
V062;G1;Gübre havadaki gazı yok eder.;;iliski;K2;"Gübre havadaki gazı yok etmez; elementi bitkinin alabileceği bir biçimde toprağa verir."
V062;G3;Azot;evet;;;
V062;G3;Oksijen;;veri;K5;Tabloya göre oksijen: −183 °C. Bu değer ölçüm aralığının (−199–−193) dışında kalıyor.
V062;G3;Flor;;birim;K5;Tabloya göre flor: −188 °C. Bu değer ölçüm aralığının (−199–−193) dışında kalıyor. Ölçümün ± payını hesaba kat.
V062;G3;Neon;;veri;K5;Tabloya göre neon: −246 °C. Bu değer ölçüm aralığının (−199–−193) dışında kalıyor.
V062;G4;Havadaki azot gübreye dönüştürülerek tahıl yetiştirmede kullanılabilir hâle geldi;evet;;;
V062;G4;Haber havadan doğrudan un elde ettiği için;;iliski;K1;"Haber havadaki gazdan amonyak elde etti (K1); un değil."
V062;G4;Azot ekmeğin kabarmasını sağladığı için;;kanitsiz;K1;"Ekmeğin kabarması başka bir olaydır; buluşun önemi gübre üretimidir (K1)."
V062;G4;Azot havada çok az bulunduğu için değerli olduğu için;;veri;K2;Azot havanın yaklaşık %78'ini oluşturur (K2).
V063;G1;Bir element, atomlarının farklı sayıda bağlanmasıyla özellikleri farklı molekül biçimleri oluşturabilir.;evet;;;
V063;G1;İki molekül farklı elementlerden oluşur.;;veri;K1;K1'e göre iki molekül de aynı elementten oluşuyor.
V063;G1;Üç atomlu molekül bir karışımdır.;;veri;K1;"Tek bir elementin atomlarından oluşan molekül saf bir maddedir; karışım değildir."
V063;G3;Azot;;veri;K5;Tabloya göre azot: −196 °C. Bu değer ölçüm aralığının (−184–−182) dışında kalıyor.
V063;G3;Oksijen;evet;;;
V063;G3;Flor;;veri;K5;Tabloya göre flor: −188 °C. Bu değer ölçüm aralığının (−184–−182) dışında kalıyor.
V063;G3;Argon;;birim;K5;Tabloya göre argon: −186 °C. Bu değer ölçüm aralığının (−184–−182) dışında kalıyor. Ölçümün ± payını hesaba kat.
V063;G4;Güneşin zararlı morötesi ışınlarının çoğunu soğurarak yeryüzündeki canlıları korur;evet;;;
V063;G4;Soluduğumuz oksijeni üretir;;iliski;K2;"Soluduğumuz oksijeni bitkiler üretir; ozon tabakasının görevi morötesi ışınları soğurmak (K2)."
V063;G4;Dünya'yı ısıtarak donmayı önler;;kanitsiz;K2;"Kanıtlar tabakanın morötesi ışınları soğurduğunu söylüyor (K2); Dünya'yı ısıtma görevinden söz etmiyor."
V063;G4;Yağmur bulutlarını oluşturur;;kanitsiz;K2;Kanıtlarda böyle bir bilgi yok.
V064;G1;"Toz gaz kabarcıkları oluşturuyor; hamura hapsolan kabarcıklar keki şişiriyor.";evet;;;
V064;G1;Toz hamuru ısıtarak pişiriyor.;;iliski;K1;"Hamuru fırın pişirir; tozun görevi gaz üretmek (K1)."
V064;G1;Toz suyu emerek hamuru büyütüyor.;;kanitsiz;K1;"Kanıtlar tozun gaz çıkardığını gösteriyor (K1); su emdiğine dair bir bilgi yok."
V064;G3;Lityum;;veri;K5;"Lityum alevi koyu kırmızıya boyar (K4); gözlenen renk turuncu-sarıydı."
V064;G3;Sodyum;evet;;;
V064;G3;Potasyum;;veri;K5;Potasyum alevi lilaya boyar (K4).
V064;G3;Kalsiyum;;veri;K5;"Kalsiyum alevi turuncu-kırmızıya boyar (K4); sodyumun parlak turuncu-sarısından farklıdır."
V064;G4;"Isınınca ya da asitle karşılaşınca karbondioksit gazı çıkarır; kabarcıklar hamuru şişirir";evet;;;
V064;G4;Sodyum metali hamurda yanarak ısı verdiği için;;iliski;K1;"Tozda metal sodyum değil, sodyum bileşiği var; kabarma gaz çıkışıyla olur (K1)."
V064;G4;Hamura tuz tadı vererek mayalanmayı hızlandırdığı için;;kanitsiz;K1;"Kanıtlar tozun gaz çıkardığını gösteriyor (K1); mayalanmayla ilgili bir kanıt yok."
V064;G4;Alevi sarıya boyadığı için fırını daha sıcak yaptığı için;;iliski;K5;"Alev rengi bir tanıma testidir (K5); fırının sıcaklığını değiştirmez."
V065;G1;"Sararmanın nedeni bu elementin eksikliği; element eklenince sorun düzeliyor.";evet;;;
V065;G1;Fideler daha çok sulandığı için yeşillendi.;;kanitsiz;K1;"İki grup arasındaki fark tuzdu (K1); sulamanın değiştiğine dair bir kanıt yok."
V065;G1;Tuz eklemek her bitkiyi yeşillendirir.;;kanitsiz;K1;"Deney yalnızca bu fidelerdeki sararmayı inceledi; her bitki için genelleme yapmaya yetmez."
V065;G3;Sodyum;;veri;K5;Tabloya göre sodyum: 0,97 g/cm³. Bu değer ölçüm aralığının (1,69–1,79) dışında kalıyor.
V065;G3;Magnezyum;evet;;;
V065;G3;Alüminyum;;veri;K5;Tabloya göre alüminyum: 2,70 g/cm³. Bu değer ölçüm aralığının (1,69–1,79) dışında kalıyor.
V065;G3;Kalsiyum;;veri;K5;Tabloya göre kalsiyum: 1,54 g/cm³. Bu değer ölçüm aralığının (1,69–1,79) dışında kalıyor.
V065;G4;Işığı yakalayıp fotosentez yapan klorofil molekülünün merkezinde magnezyum bulunur;evet;;;
V065;G4;Magnezyum bitkiyi böceklerden korur;;kanitsiz;K2;"Kanıtlarda böyle bir bilgi yok; magnezyum klorofilin merkezinde (K2)."
V065;G4;Magnezyum yaprakları sarıya boyar;;veri;K1;Tam tersi: magnezyum eksik olunca yapraklar sarardı (K1).
V065;G4;Magnezyum toprağı yumuşatır;;kanitsiz;K2;Kanıtlar magnezyumun yaprağın yeşil rengindeki görevini gösteriyor (K2).
V066;G1;"Tepkime çok büyük bir ısı açığa çıkarıyor; sıcaklık demirin erime noktasını aşıyor.";evet;;;
V066;G1;Demir oda sıcaklığında sıvıdır.;;veri;K1;"Demir oda sıcaklığında katıdır; sıvı çıkmasının nedeni tepkimenin ısısı (K1)."
V066;G1;Tepkime ısı çekiyor.;;veri;K1;"Isı çeken bir tepkime demiri eritemezdi; tepkime ısı veriyor (K1)."
V066;G3;Magnezyum;;veri;K5;Tabloya göre magnezyum: 1,74 g/cm³. Bu değer ölçüm aralığının (2,6–2,8) dışında kalıyor.
V066;G3;Alüminyum;evet;;;
V066;G3;Silisyum;;veri;K5;Tabloya göre silisyum: 2,33 g/cm³. Bu değer ölçüm aralığının (2,6–2,8) dışında kalıyor.
V066;G3;Titanyum;;veri;K5;Tabloya göre titanyum: 4,51 g/cm³. Bu değer ölçüm aralığının (2,6–2,8) dışında kalıyor.
V066;G4;"Alüminyum oksijene demirden daha çok ilgi duyar; demir oksitten oksijeni alırken çok büyük bir ısı açığa çıkar";evet;;;
V066;G4;Alüminyum erimiş demiri soğuttuğu için;;veri;K1;"Tepkime ısı veriyor ve demiri eritiyor (K1); alüminyum soğutmuyor."
V066;G4;Alüminyum mıknatıs olduğu için rayları bir arada tuttuğu için;;iliski;K1;Raylar mıknatısla değil, sıvı demirle kaynıyor (K1).
V066;G4;Alüminyum ağır olduğu için kalıbı sabitlediği için;;veri;K5;"Ölçülen yoğunluk (K5) düşük; alüminyum hafif bir metaldir."
V067;G1;Aynı malzemenin farklı bölgeleri farklı iletkenlikte yapılarak akımı açıp kapayan elektronik anahtarlar üretilebilir.;evet;;;
V067;G1;Katkı maddeleri diski daha parlak yapar.;;iliski;K2;"Katkı maddeleri iletkenliği ayarlamak için eklenir (K2); parlaklık için değil."
V067;G1;Katkı maddeleri diski yalıtkan yapar.;;veri;K2;"Katkı maddeleri iletkenliği ayarlar (K2); maddeyi tamamen yalıtkan yapmak amaç değil."
V067;G3;Alüminyum;;veri;K5;Tabloya göre alüminyum: 2,70 g/cm³. Bu değer ölçüm aralığının (2,2–2,4) dışında kalıyor.
V067;G3;Silisyum;evet;;;
V067;G3;Fosfor;;veri;K5;Tabloya göre fosfor: 1,82 g/cm³. Bu değer ölçüm aralığının (2,2–2,4) dışında kalıyor.
V067;G3;Germanyum;;veri;K5;Tabloya göre germanyum: 5,32 g/cm³. Bu değer ölçüm aralığının (2,2–2,4) dışında kalıyor.
V067;G4;Yarı iletkendir, iletkenliği katkı maddeleriyle ayarlanır ve kumdan bol miktarda elde edilir;evet;;;
V067;G4;Elektriği bakırdan daha iyi ilettiği için;;veri;K2;Silisyum elektriği metaller kadar iyi iletmez (K2).
V067;G4;Hiç elektrik iletmediği için çipi yalıttığı için;;veri;K2;"Silisyum bir yarı iletkendir; elektriği bir miktar iletir (K2)."
V067;G4;Çok yoğun olduğu için çipi sağlamlaştırdığı için;;iliski;K2;"Yoğunluk çipin çalışmasını açıklamaz; önemli olan iletkenliğinin ayarlanabilmesi (K2)."
V068;G1;Element hem kalıtım hem de enerji aktarımı için canlılarda vazgeçilmez.;evet;;;
V068;G1;Element yalnızca bitkilerde bulunur.;;kanitsiz;K1;"DNA ve ATP bütün canlılarda bulunur; muz örneği bu elementin yalnızca bitkilerde olduğunu göstermez."
V068;G1;Element canlılar için zehirlidir.;;veri;K2;"Element DNA ve ATP'nin yapısında; canlılar için gerekli (K1, K2)."
V068;G3;Alüminyum;;veri;K5;Tabloya göre alüminyum: 2,70 g/cm³. Bu değer ölçüm aralığının (1,77–1,87) dışında kalıyor.
V068;G3;Silisyum;;veri;K5;Tabloya göre silisyum: 2,33 g/cm³. Bu değer ölçüm aralığının (1,77–1,87) dışında kalıyor.
V068;G3;Fosfor;evet;;;
V068;G3;Kükürt;;veri;K5;Tabloya göre kükürt: 2,07 g/cm³. Bu değer ölçüm aralığının (1,77–1,87) dışında kalıyor.
V068;G4;"Bitkiler DNA, ATP ve hücre zarları için fosfora ihtiyaç duyar; hasatla topraktan çekilen fosfor gübreyle geri verilir";evet;;;
V068;G4;Fosfor bitkileri karanlıkta parlattığı için;;iliski;K1;"Beyaz fosforun parlaması başka bir olaydır; gübredeki fosfat bitkinin yapı taşıdır (K1, K2)."
V068;G4;Fosfor toprağı ısıttığı için;;kanitsiz;K2;Kanıtlarda böyle bir bilgi yok.
V068;G4;Bitkiler fosforu havadan bol miktarda alabildiği için;;kanitsiz;K1;"Bitkiler fosforu havadan almaz; topraktaki fosfatlardan alır."
V069;G1;Gaz, hücreler parçalanınca içlerindeki maddelerin karışmasıyla oluşuyor.;evet;;;
V069;G1;Gaz soğanın kabuğunda hazır bekliyor.;;veri;K1;"Bütün soğan göz yaşartmıyor; gaz ancak kesilince oluşuyor (K1)."
V069;G1;Göz yaşaran bıçağın metalinden.;;kanitsiz;K1;"Gözü tahriş eden, soğandan çıkan gaz (K1); bıçağın metali değil."
V069;G3;Silisyum;;veri;K5;Tabloya göre silisyum: 1414 °C. Bu değer ölçüm aralığının (110–120) dışında kalıyor.
V069;G3;Fosfor;;veri;K5;Tabloya göre fosfor: 44,1 °C. Bu değer ölçüm aralığının (110–120) dışında kalıyor.
V069;G3;Kükürt;evet;;;
V069;G3;Klor;;veri;K5;Tabloya göre klor: −102 °C. Bu değer ölçüm aralığının (110–120) dışında kalıyor.
V069;G4;Kükürtlü küçük moleküller uçucudur ve burun ile göz çok düşük miktarlarını bile algılar;evet;;;
V069;G4;Kükürt bileşikleri renkli olduğu için;;kanitsiz;K1;Etki gazın renginden değil, uçuculuğundan ve tahriş ediciliğinden geliyor (K1).
V069;G4;Kükürt bileşikleri çok ağır olduğu için havada kalamaz;;veri;K1;Gaz uçucu ve göze kadar ulaşıyor (K1).
V069;G4;Kükürt bileşikleri suda hiç çözünmediği için;;veri;K1;"Gaz gözdeki sıvıya ulaşıp onu tahriş ediyor (hikâye); yani suyla etkileşiyor."
V070;G1;Gübre, alevi kendine özgü lila renge boyayan bir element içeriyor.;evet;;;
V070;G1;Gübre yanıcıdır.;;iliski;K1;"Alev testinde madde alevin rengini değiştirir; bu, maddenin yanıcı olduğunu göstermez."
V070;G1;Lila renk her gübrede görülür.;;kanitsiz;K1;Tek bir gübreyle yapılan test bütün gübreler hakkında sonuç çıkarmaya yetmez.
V070;G3;Sodyum;;birim;K5;Tabloya göre sodyum: 0,97 g/cm³. Bu değer ölçüm aralığının (0,86–0,92) dışında kalıyor. Ölçümün ± payını hesaba kat.
V070;G3;Potasyum;evet;;;
V070;G3;Kalsiyum;;veri;K5;Tabloya göre kalsiyum: 1,54 g/cm³. Bu değer ölçüm aralığının (0,86–0,92) dışında kalıyor.
V070;G3;Rubidyum;;veri;K5;Tabloya göre rubidyum: 1,53 g/cm³. Bu değer ölçüm aralığının (0,86–0,92) dışında kalıyor.
V070;G4;"Bitkiler su dengesini ve birçok enzimin çalışmasını potasyumla sağlar; hasatla topraktan çekilen potasyum gübreyle geri verilir";evet;;;
V070;G4;Potasyum yaprakları mora boyadığı için;;iliski;K1;"Mor renk alev testinde görüldü (K1); yaprakları boyamaz."
V070;G4;Potasyum bitkileri dondan koruyan bir yalıtım tabakası oluşturduğu için;;kanitsiz;K2;"Kanıtlarda böyle bir bilgi yok; eksiklik belirtisi su kullanımıyla ilgili (K2)."
V070;G4;Potasyum metali toprakta yanarak ısı verdiği için;;iliski;K2;"Gübrede metal değil potasyum tuzları bulunur; görevi bitkinin besin ihtiyacını karşılamak."
V071;G1;Kameralar renkleri gün ışığındaki gibi doğru kaydedebilir.;evet;;;
V071;G1;Gün ışığına benzeyen ışık daha az elektrik harcar.;;kanitsiz;K1;"Kanıtlar ışığın rengini anlatıyor (K1); elektrik tüketiminden söz etmiyor."
V071;G1;Gün ışığına benzeyen ışık oyuncuları ısıtır.;;kanitsiz;K1;Kanıtlarda böyle bir bilgi yok.
V071;G3;Alüminyum;;birim;K5;Tabloya göre alüminyum: 2,70 g/cm³. Bu değer ölçüm aralığının (2,9–3,1) dışında kalıyor. Ölçümün ± payını hesaba kat.
V071;G3;Kalsiyum;;veri;K5;Tabloya göre kalsiyum: 1,54 g/cm³. Bu değer ölçüm aralığının (2,9–3,1) dışında kalıyor.
V071;G3;Skandiyum;evet;;;
V071;G3;Titanyum;;veri;K5;Tabloya göre titanyum: 4,51 g/cm³. Bu değer ölçüm aralığının (2,9–3,1) dışında kalıyor.
V071;G4;"Lambanın ışığını gün ışığına benzetir; renkler kamerada doğru görünür";evet;;;
V071;G4;Lambayı hafiflettiği için;;iliski;K1;"Hafiflik skandiyumun alaşımlardaki bir avantajıdır (K2); lambadaki görevi ışığın rengini düzeltmek (K1)."
V071;G4;Lambanın ışığını tek bir sarı renge indirdiği için;;veri;K1;"Lambanın ışığı gün ışığına benziyor (K1); tek renkli değil."
V071;G4;Skandiyum iyodür ışığı tamamen söndürdüğü için;;veri;K1;Lambalar stadyumu aydınlatıyor (K1).
V072;G1;"Metal tuzlu su ve terle kolay kolay tepkimeye girmiyor; korozyona dayanıklı.";evet;;;
V072;G1;Metal suyu iterek hiç ıslanmıyor.;;kanitsiz;K1;"Kanıtlarda böyle bir bilgi yok; çerçeve terle temas etti ama paslanmadı."
V072;G1;Metal her yıl yeniden boyanıyor.;;kanitsiz;K1;Çerçevenin boyandığına dair bir kanıt yok.
V072;G3;Skandiyum;;veri;K5;Tabloya göre skandiyum: 2,99 g/cm³. Bu değer ölçüm aralığının (4,3–4,7) dışında kalıyor.
V072;G3;Titanyum;evet;;;
V072;G3;Vanadyum;;veri;K5;Tabloya göre vanadyum: 6,00 g/cm³. Bu değer ölçüm aralığının (4,3–4,7) dışında kalıyor.
V072;G3;Krom;;veri;K5;Tabloya göre krom: 7,15 g/cm³. Bu değer ölçüm aralığının (4,3–4,7) dışında kalıyor.
V072;G4;Hafif, sağlam, paslanmaz ve cilde alerji yapmaz;evet;;;
V072;G4;Çok ağır olduğu için gözlüğü yerinde tuttuğu için;;veri;K2;Metal çok hafif (K2 ve ölçüm K5).
V072;G4;Terle tepkimeye girip renk değiştirdiği için;;veri;K1;Çerçeve terle temas ettiği hâlde değişmedi (K1).
V072;G4;Mıknatısa güçlü çekildiği için;;kanitsiz;K1;"Kanıtlarda mıknatıslıkla ilgili bir bilgi yok; titanyum mıknatısa çekilmez."
V073;G1;Rengi, minerale karışmış az miktardaki başka bir element veriyor.;evet;;;
V073;G1;Yakut tamamen farklı bir mineraldir.;;kanitsiz;K2;"Analiz yakutta da aynı mineralin elementlerini buldu (K2); fark yalnızca karışan az miktardaki elementte."
V073;G1;Taş, ışık altında boyandığı için kırmızıdır.;;kanitsiz;K1;Böyle bir işleme dair hiçbir kanıt yok.
V073;G3;Vanadyum;;veri;K5;Tabloya göre vanadyum: 6,00 g/cm³. Bu değer ölçüm aralığının (7,10–7,20) dışında kalıyor.
V073;G3;Krom;evet;;;
V073;G3;Mangan;;birim;K5;Tabloya göre mangan: 7,30 g/cm³. Bu değer ölçüm aralığının (7,10–7,20) dışında kalıyor. Ölçümün ± payını hesaba kat.
V073;G3;Demir;;veri;K5;Tabloya göre demir: 7,87 g/cm³. Bu değer ölçüm aralığının (7,10–7,20) dışında kalıyor.
V073;G4;İçindeki az miktardaki krom iyonlarının bazı renkleri soğurup kırmızıyı geçirmesi;evet;;;
V073;G4;Taşın çok sert olması;;iliski;K1;"Sertlik rengi belirlemez; saf mineral de aynı sertliktedir ama renksizdir (K1)."
V073;G4;Alüminyumun kendisinin kırmızı olması;;veri;K2;"Saf mineral renksiz (K1); renk karışan başka bir elementten geliyor (K2)."
V073;G4;Krom metalinin parlak gümüşi rengi;;iliski;K2;"Taşın içinde krom metal olarak değil, iyon olarak bulunur; metalin rengi taşın rengini açıklamaz."
V074;G1;"Pilin elektriği bir kimyasal tepkimeden geliyor; toz bu tepkimeye katılıyor.";evet;;;
V074;G1;Pilde elektrik hazır olarak depolanmıştır, toz yalnızca dolgu malzemesidir.;;veri;K1;"Toz pil çalışırken değişiyor (K1); yani tepkimede görev alıyor."
V074;G1;Toz pil ısınınca eriyip elektrik üretir.;;kanitsiz;K1;"Kanıtlarda tozun eridiğine dair bir bilgi yok; değişim kimyasal (K1)."
V074;G3;Krom;;birim;K5;Tabloya göre krom: 7,15 g/cm³. Bu değer ölçüm aralığının (7,25–7,35) dışında kalıyor. Ölçümün ± payını hesaba kat.
V074;G3;Mangan;evet;;;
V074;G3;Demir;;veri;K5;Tabloya göre demir: 7,87 g/cm³. Bu değer ölçüm aralığının (7,25–7,35) dışında kalıyor.
V074;G3;Kobalt;;veri;K5;Tabloya göre kobalt: 8,86 g/cm³. Bu değer ölçüm aralığının (7,25–7,35) dışında kalıyor.
V074;G4;Pildeki tepkimede elektronları kabul eden madde olarak görev yapar ve akımın oluşmasını sağlar;evet;;;
V074;G4;Pili soğutmak için;;kanitsiz;K1;"Kanıtlar tozun tepkimede değiştiğini gösteriyor (K1); soğutma görevinden söz etmiyor."
V074;G4;Pili ağırlaştırıp dengelemek için;;iliski;K1;Pildeki maddelerin görevi ağırlık değil, kimyasal tepkime (K1).
V074;G4;Darbe aldıkça sertleşerek pilin kabını korumak için;;iliski;K2;"Darbeyle sertleşme, manganlı çeliklerin özelliğidir (K2); pildeki görevi tepkimeye katılmak."
V075;G1;"Hemoglobin azsa kan hücrelere daha az oksijen taşır; hücreler daha az enerji üretir.";evet;;;
V075;G1;Hemoglobin az olunca kan kırmızı rengini tamamen kaybeder.;;veri;K1;"Hemoglobin azalınca kan rengini tamamen kaybetmez; sorun daha az oksijen taşınmasıdır (K1)."
V075;G1;Hemoglobin fazla olduğu için vücut yoruluyor.;;veri;K1;Tahlilde hemoglobin düşük çıktı (hikâye).
V075;G3;Krom;;veri;K5;Tabloya göre krom: 7,15 g/cm³. Bu değer ölçüm aralığının (7,7–8,1) dışında kalıyor.
V075;G3;Mangan;;birim;K5;Tabloya göre mangan: 7,30 g/cm³. Bu değer ölçüm aralığının (7,7–8,1) dışında kalıyor. Ölçümün ± payını hesaba kat.
V075;G3;Demir;evet;;;
V075;G3;Kobalt;;veri;K5;Tabloya göre kobalt: 8,86 g/cm³. Bu değer ölçüm aralığının (7,7–8,1) dışında kalıyor.
V075;G4;"Demir, oksijeni akciğerlerden dokulara taşıyan hemoglobinin merkezindedir; az olursa hücrelere daha az oksijen gider";evet;;;
V075;G4;Demir kemikleri güçlendiren ana element olduğu için;;iliski;K1;"Kemiklerin ana elementi kalsiyumdur; demirin görevi oksijen taşımak (K1)."
V075;G4;Demir mıknatısa çekildiği için kanın akmasını sağladığı için;;iliski;K1;"Kanın akışı mıknatıslıkla ilgili değil; demirin görevi oksijeni bağlamak (K1)."
V075;G4;Demir kana sarı renk verdiği için;;veri;K2;"Kan kırmızı renkli; bu renk oksijenin demir iyonuna bağlanmasından geliyor (K2)."
V076;G1;Boya, ışık ve nemle bozulmayan, çok kararlı bir madde.;evet;;;
V076;G1;Boya her yıl yenilenmiştir.;;kanitsiz;K1;"Çininin boyandığına dair bir kanıt yok; desenler yüzyıllardır değişmemiş."
V076;G1;Boya suda kolayca çözünür.;;veri;K1;Suda kolayca çözünen bir boya nemli ortamda yüzyıllarca kalamazdı (K1).
V076;G3;Demir;;veri;K5;Tabloya göre demir: 1538 °C. Bu değer ölçüm aralığının (1485–1505) dışında kalıyor.
V076;G3;Kobalt;evet;;;
V076;G3;Nikel;;veri;K5;Tabloya göre nikel: 1455 °C. Bu değer ölçüm aralığının (1485–1505) dışında kalıyor.
V076;G3;Bakır;;veri;K5;Tabloya göre bakır: 1085 °C. Bu değer ölçüm aralığının (1485–1505) dışında kalıyor.
V076;G4;Çok az miktarı bile, yüksek sıcaklıkta pişirilince bozulmayan koyu bir mavi renk verir;evet;;;
V076;G4;Çiniyi mıknatısa çekilir yaptığı için;;iliski;K2;Mıknatıslık bir boyanın renk vermesiyle ilgili değil.
V076;G4;Çiniyi daha hafif yaptığı için;;kanitsiz;K2;"Kanıtlarda böyle bir bilgi yok; oksit renk için kullanılıyor (K2)."
V076;G4;Kobalt metali parlak mavi renkte olduğu için;;iliski;K2;"Kobalt metali gümüşi gridir; mavi renk oksidinden ve camdaki iyonlarından gelir."
V077;G1;Tepkiye, metalle doğrudan temas eden ciltteki metal iyonları yol açıyor.;evet;;;
V077;G1;Alerjinin nedeni kemerin kumaşıdır.;;veri;K1;"Leke tokanın metalinin değdiği yerde oluştu; dermatolog da metali gösterdi (K1)."
V077;G1;Alerji havadaki tozdan kaynaklanır.;;kanitsiz;K1;"Leke yalnızca tokanın değdiği yerde; havadaki toz bütün cildi etkilerdi."
V077;G3;Demir;;veri;K5;Tabloya göre demir: 1538 °C. Bu değer ölçüm aralığının (1445–1465) dışında kalıyor.
V077;G3;Kobalt;;veri;K5;Tabloya göre kobalt: 1495 °C. Bu değer ölçüm aralığının (1445–1465) dışında kalıyor.
V077;G3;Nikel;evet;;;
V077;G3;Bakır;;veri;K5;Tabloya göre bakır: 1085 °C. Bu değer ölçüm aralığının (1445–1465) dışında kalıyor.
V077;G4;"Sert, parlak ve paslanmaya dayanıklıdır; ucuz alaşımlara bu özellikleri kazandırır";evet;;;
V077;G4;Nikel ciltte hiç tepkiye yol açmadığı için;;veri;K1;Nikel en yaygın metal alerjisine yol açar (hikâye, K1).
V077;G4;Nikel hiç mıknatısa çekilmediği için;;veri;K2;Tokanın metali mıknatısa çekiliyor (K2).
V077;G4;Nikel çok yumuşak olduğu için kolay şekil aldığı için;;kanitsiz;K2;Nikel aslında sert bir metaldir ve alaşımları sağlamlaştırır.
V078;G1;Metal, havadaki oksijen, su ve diğer maddelerle tepkimeye girerek yüzeyinde yeni bir madde oluşturdu.;evet;;;
V078;G1;Heykel yeşile boyandı.;;kanitsiz;K1;"Heykelin boyandığına dair bir kanıt yok; renk yıllar içinde kendiliğinden değişti."
V078;G1;Metal eriyip başka bir metale dönüştü.;;iliski;K1;"Bir metal havada başka bir metale dönüşmez; yüzeyde yeni bir bileşik oluşur."
V078;G3;Nikel;;veri;K5;Tabloya göre nikel: 1455 °C. Bu değer ölçüm aralığının (1055–1115) dışında kalıyor.
V078;G3;Bakır;evet;;;
V078;G3;Çinko;;veri;K5;Tabloya göre çinko: 420 °C. Bu değer ölçüm aralığının (1055–1115) dışında kalıyor.
V078;G3;Gümüş;;veri;K5;Tabloya göre gümüş: 962 °C. Bu değer ölçüm aralığının (1055–1115) dışında kalıyor.
V078;G4;Bakırın havayla tepkimesinden oluşan yeşil tabaka (patina) alttaki metali daha fazla aşınmaktan korur;evet;;;
V078;G4;Yeşil tabaka bakırı elektrik iletmez hâle getirdiği için;;iliski;K2;"Heykelin elektrik iletmesi gerekmiyor; tabakanın değeri metali korumasından geliyor."
V078;G4;Yeşil tabaka bakırı daha ağır yaptığı için;;kanitsiz;K1;Kanıtlarda böyle bir bilgi yok.
V078;G4;Yeşil tabaka bakırın erimesini önlediği için;;iliski;K1;"Heykel erime tehlikesiyle karşı karşıya değil; tabaka aşınmaya karşı korur."
V079;G1;Yanığa yol açan morötesi ışınlar cilde ulaşmadan durduruluyor.;evet;;;
V079;G1;Krem cildi soğutarak yanmayı önlüyor.;;kanitsiz;K1;"Kanıtlar kremin morötesi ışınları durdurduğunu söylüyor (K1); soğutmadan söz etmiyor."
V079;G1;Krem güneş ışığını tamamen yansıtarak cildi karanlıkta bırakıyor.;;veri;K1;Krem görünür ışığı da biraz yansıtır ama asıl önemli olan morötesi ışınları durdurması (K1).
V079;G3;Nikel;;veri;K5;Tabloya göre nikel: 8,90 g/cm³. Bu değer ölçüm aralığının (6,8–7,4) dışında kalıyor.
V079;G3;Bakır;;veri;K5;Tabloya göre bakır: 8,96 g/cm³. Bu değer ölçüm aralığının (6,8–7,4) dışında kalıyor.
V079;G3;Çinko;evet;;;
V079;G3;Galyum;;veri;K5;Tabloya göre galyum: 5,91 g/cm³. Bu değer ölçüm aralığının (6,8–7,4) dışında kalıyor.
V079;G4;Morötesi ışınları soğurup saçar, ciltte kalıcı bir tabaka oluşturur ve zehirsizdir;evet;;;
V079;G4;Çinko oksit cildi bronzlaştırdığı için;;veri;K1;"Krem morötesi ışınları durduruyor (K1); bronzlaşmaya yol açan da bu ışınlardır."
V079;G4;Çinko çeliği kapladığı için cildi de kaplayıp sertleştirdiği için;;iliski;K2;"Çeliği kaplamak çinkonun başka bir kullanımıdır (K2); kremdeki görevi morötesi ışınları durdurmak."
V079;G4;Çinko oksit suda çok iyi çözündüğü için;;kanitsiz;K1;"Krem ciltte kalıcı bir tabaka bırakıyor (K1); suda çözünse hemen akıp giderdi."
V080;G1;Metalin erime noktası vücut sıcaklığından (yaklaşık 37 °C) düşük.;evet;;;
V080;G1;Metalin erime noktası 100 °C'nin üzerindedir.;;veri;K1;"Vücut sıcaklığı metali eritmeye yetiyor (K1); erime noktası 37 °C'nin altında olmalı."
V080;G1;Metal oda sıcaklığında sıvıdır.;;veri;K1;"Kaşık oda sıcaklığında katıydı; ancak avuçta ya da sıcak çayda eridi."
V080;G3;Alüminyum;;veri;K5;Tabloya göre alüminyum: 660 °C. Bu değer ölçüm aralığının (29–31) dışında kalıyor.
V080;G3;Çinko;;veri;K5;Tabloya göre çinko: 420 °C. Bu değer ölçüm aralığının (29–31) dışında kalıyor.
V080;G3;Galyum;evet;;;
V080;G3;Germanyum;;veri;K5;Tabloya göre germanyum: 938 °C. Bu değer ölçüm aralığının (29–31) dışında kalıyor.
V080;G4;"Erime noktası çok düşük, kaynama noktası ise çok yüksektir; geniş bir sıcaklık aralığında sıvı kalır";evet;;;
V080;G4;Hiç erimediği için;;veri;K1;Galyum avuçta bile eriyor (K1).
V080;G4;Su gibi 100 °C'de kaynadığı için;;kanitsiz;K4;"Galyum çok yüksek sıcaklıkta kaynar; 100 °C'de kaynadığına dair bir kanıt yok."
V080;G4;Mavi ışık saçtığı için;;iliski;K2;"Mavi ışık galyumun azotla oluşturduğu bileşikten gelir (K2); alaşımlardaki görevini açıklamaz."
V081;G1;Periyodik tablodaki örüntü, komşu elementlerin özelliklerinden yola çıkarak bilinmeyen bir elementi öngörmeye izin veriyor.;evet;;;
V081;G1;Mendeleyev elementi gizlice bulmuştu.;;kanitsiz;K2;"Element 1886'da Winkler tarafından bulundu (K2); Mendeleyev'in onu önceden bulduğuna dair bir kanıt yok."
V081;G1;Tahmin yalnızca bir şanstı.;;kanitsiz;K2;"Mendeleyev birçok özelliği birden doğru tahmin etti (K1, K2); bu, şansla değil örüntüyle açıklanır."
V081;G3;Silisyum;;veri;K5;Tabloya göre silisyum: 2,33 g/cm³. Bu değer ölçüm aralığının (5,2–5,4) dışında kalıyor.
V081;G3;Galyum;;veri;K5;Tabloya göre galyum: 5,91 g/cm³. Bu değer ölçüm aralığının (5,2–5,4) dışında kalıyor.
V081;G3;Germanyum;evet;;;
V081;G3;Arsenik;;veri;K5;Tabloya göre arsenik: 5,75 g/cm³. Bu değer ölçüm aralığının (5,2–5,4) dışında kalıyor.
V081;G4;"Periyodik tabloya dayanan bir tahmin ölçümle doğrulandı; tablonun öngörü yapabilen bir model olduğu görüldü";evet;;;
V081;G4;Germanyum en ağır element olduğu için;;veri;K2;"Germanyumun bağıl atom kütlesi yalnızca 72,6 (K2); en ağır element değil."
V081;G4;Germanyum tablodaki ilk element olduğu için;;veri;K1;"Germanyum silisyumun altındaki boşluğa yerleşti (hikâye); ilk element değil."
V081;G4;Germanyumun keşfi tabloyu tamamen değiştirdiği için;;veri;K1;Tam tersi: germanyum tabloda önceden ayrılmış yere tam oturdu (K1, K2).
V082;G1;"Işık alan beyaz bölgelerdeki elektrik yükü boşalır; yalnızca yazıların gölgesi yüklü kalır ve toner oraya yapışır.";evet;;;
V082;G1;Işık vurunca madde erir ve yazıyı oluşturur.;;kanitsiz;K1;"Kanıtlar maddenin iletkenliğinin değiştiğini söylüyor (K1); erimeden söz etmiyor."
V082;G1;Madde ışığı depolayıp kâğıda aktarır.;;iliski;K1;"Madde ışığı depolamaz; ışık yalnızca iletkenliğini değiştirir (K1)."
V082;G3;Germanyum;;birim;K5;Tabloya göre germanyum: 5,32 g/cm³. Bu değer ölçüm aralığının (4,6–5,0) dışında kalıyor. Ölçümün ± payını hesaba kat.
V082;G3;Arsenik;;veri;K5;Tabloya göre arsenik: 5,75 g/cm³. Bu değer ölçüm aralığının (4,6–5,0) dışında kalıyor.
V082;G3;Selenyum;evet;;;
V082;G3;Brom;;veri;K5;Tabloya göre brom: 3,10 g/cm³. Bu değer ölçüm aralığının (4,6–5,0) dışında kalıyor.
V082;G4;Işık vurunca iletken hâle gelen bir madde olduğu için görüntüyü elektrik yükü deseni olarak kaydedebiliyordu;evet;;;
V082;G4;Kepek şampuanlarında kullanıldığı için;;iliski;K2;"Şampuanlar selenyumun başka bir kullanım alanıdır (K2); fotokopideki görevini açıklamaz."
V082;G4;Karanlıkta parladığı için;;kanitsiz;K1;"Kanıtlarda böyle bir özellik yok; önemli olan ışıkla iletkenliğinin değişmesi (K1)."
V082;G4;Her durumda elektriği çok iyi ilettiği için;;veri;K1;Madde karanlıkta elektriği iletmiyor (K1).
V083;G1;Boyanın neden çok pahalı ve yalnızca zenginlere özgü olduğunu.;evet;;;
V083;G1;Boyanın neden kolay solduğunu.;;veri;K1;"Boya solmayan bir renk veriyordu (hikâye); K1 boyanın pahalılığını açıklıyor."
V083;G1;Salyangozların neden mor renkli olduğunu.;;kanitsiz;K1;Kanıtlarda salyangozların rengiyle ilgili bir bilgi yok.
V083;G3;Klor;;veri;K5;Tabloya göre klor: −34,0 °C. Bu değer ölçüm aralığının (57–61) dışında kalıyor.
V083;G3;Selenyum;;veri;K5;Tabloya göre selenyum: 685 °C. Bu değer ölçüm aralığının (57–61) dışında kalıyor.
V083;G3;Brom;evet;;;
V083;G3;Kripton;;veri;K5;Tabloya göre kripton: −153 °C. Bu değer ölçüm aralığının (57–61) dışında kalıyor.
V083;G4;Brom, oda sıcaklığında sıvı olan tek ametaldir ve bu doğal boyanın molekülünde bulunur;evet;;;
V083;G4;Brom boyaya tatlı bir koku verir;;kanitsiz;K2;"Kanıtlarda kokudan söz edilmiyor; üstelik brom keskin ve kötü kokuludur."
V083;G4;Brom oda sıcaklığında gaz olduğu için boyayı havalandırır;;veri;K2;Brom oda sıcaklığında sıvıdır (K2).
V083;G4;Brom bir metal olduğu için boyaya parlaklık verir;;veri;K2;Brom bir ametaldir (K2).
V084;G1;Konumu doğru bulmak için uydulardaki saatlerin son derece hassas olması gerekir.;evet;;;
V084;G1;Uydular çok yavaş hareket eder.;;kanitsiz;K1;"Kanıtlar zaman hatasının konumu nasıl etkilediğini anlatıyor (K1); uyduların hızından söz etmiyor."
V084;G1;Saat hataları konumu hiç etkilemez.;;veri;K1;Çok küçük bir saat hatası bile büyük bir konum hatasına yol açıyor (K1).
V084;G3;Potasyum;;veri;K5;Tabloya göre potasyum: 0,89 g/cm³. Bu değer ölçüm aralığının (1,48–1,58) dışında kalıyor.
V084;G3;Rubidyum;evet;;;
V084;G3;Stronsiyum;;veri;K5;Tabloya göre stronsiyum: 2,64 g/cm³. Bu değer ölçüm aralığının (1,48–1,58) dışında kalıyor.
V084;G3;Sezyum;;veri;K5;Tabloya göre sezyum: 1,87 g/cm³. Bu değer ölçüm aralığının (1,48–1,58) dışında kalıyor.
V084;G4;"Atomları her zaman aynı, çok kararlı bir frekansta ışıma yapar; bu titreşim zamanı ölçmek için şaşmaz bir sarkaç gibidir";evet;;;
V084;G4;Rubidyum çok ağır olduğu için saati sabit tuttuğu için;;iliski;K2;Saatin hassasiyeti ağırlıktan değil, atomların kararlı frekansından gelir (K2).
V084;G4;Rubidyum hiç tepkimeye girmediği için;;veri;K2;"Rubidyum bir alkali metaldir; çok kolay tepkimeye girer (K2)."
V084;G4;Rubidyum uzayda bol bulunduğu için;;kanitsiz;K2;"Kanıtlarda böyle bir bilgi yok; seçim nedeni atomlarının kararlı frekansı (K2)."
V085;G1;"Sertlik ve darbeye dayanıklılık farklı özelliklerdir; seramikler sert ama kırılgandır.";evet;;;
V085;G1;Bıçak aslında yumuşaktır.;;veri;K1;"Bıçak aylarca keskin kalıyor (K1); bu çok sert olduğunu gösterir."
V085;G1;Bıçak paslandığı için kırıldı.;;veri;K1;Bıçak hiç paslanmıyor (K1).
V085;G3;Titanyum;;veri;K5;Tabloya göre titanyum: 4,51 g/cm³. Bu değer ölçüm aralığının (6,2–6,8) dışında kalıyor.
V085;G3;İtriyum;;veri;K5;Tabloya göre itriyum: 4,47 g/cm³. Bu değer ölçüm aralığının (6,2–6,8) dışında kalıyor.
V085;G3;Zirkonyum;evet;;;
V085;G3;Niyobyum;;veri;K5;Tabloya göre niyobyum: 8,57 g/cm³. Bu değer ölçüm aralığının (6,2–6,8) dışında kalıyor.
V085;G4;Çok sert olduğu için uzun süre keskin kalır, paslanmaz ve yiyeceklerle tepkimeye girmez;evet;;;
V085;G4;Darbeye çok dayanıklı olduğu için;;veri;K1;"Bıçak yere düşünce kırıldı (K1); darbeye dayanıklı değil."
V085;G4;Nötronları az yuttuğu için yemeği taze tuttuğu için;;iliski;K2;"Nötron yutmama özelliği reaktörlerde işe yarar (K2); bıçakta bir anlamı yok."
V085;G4;Çok hafif olduğu için;;kanitsiz;K1;Bıçağın seçilme nedeni olarak kanıtlarda sertlik ve paslanmazlık öne çıkıyor (K1).
V086;G1;Lehim metalinin erime noktası, çoğu metale göre düşük.;evet;;;
V086;G1;Lehim çok yüksek sıcaklıkta erir.;;veri;K1;"Tel küçük bir havyayla birkaç saniyede eriyor (K1); erime noktası düşük."
V086;G1;Lehim erimez, yalnızca yumuşar.;;veri;K1;Tel eriyip parçanın ayağını sarıyor (K1).
V086;G3;İndiyum;;veri;K5;Tabloya göre indiyum: 157 °C. Bu değer ölçüm aralığının (222–242) dışında kalıyor.
V086;G3;Kalay;evet;;;
V086;G3;Antimon;;veri;K5;Tabloya göre antimon: 631 °C. Bu değer ölçüm aralığının (222–242) dışında kalıyor.
V086;G3;Kurşun;;veri;K5;Tabloya göre kurşun: 327 °C. Bu değer ölçüm aralığının (222–242) dışında kalıyor.
V086;G4;Erime noktası düşük olduğu için kolayca erir, elektriği iletir ve soğuyunca parçaları sıkıca birleştirir;evet;;;
V086;G4;Elektriği hiç iletmediği için kısa devreyi önlediği için;;iliski;K1;"Lehimin görevi parçaları elektriksel olarak birleştirmektir; kalay elektriği iletir."
V086;G4;Erime noktası çok yüksek olduğu için ısıya dayanıklı olduğu için;;veri;K5;Kalayın erime noktası düşük (K5).
V086;G4;Tunç yapımında kullanıldığı için;;iliski;K2;"Tunç kalayın başka bir kullanım alanıdır (K2); lehimdeki görevini açıklamaz."
V087;G1;"Guatrın önemli bir nedeni bu elementin eksikliğidir; eksiklik giderilince hastalık azalır.";evet;;;
V087;G1;Tuz guatra yol açar.;;veri;K1;"Guatr, tuza element eklendikten sonra azaldı (K1); tuz guatrın nedeni değil."
V087;G1;Guatr bulaşıcı bir hastalıktır.;;kanitsiz;K1;"Kanıtlarda bulaşıcılıkla ilgili bir bilgi yok; azalma elementin eklenmesine bağlı."
V087;G3;Brom;;veri;K5;Tabloya göre brom: −7,2 °C. Bu değer ölçüm aralığının (109–119) dışında kalıyor.
V087;G3;Tellür;;veri;K5;Tabloya göre tellür: 450 °C. Bu değer ölçüm aralığının (109–119) dışında kalıyor.
V087;G3;İyot;evet;;;
V087;G3;Ksenon;;veri;K5;Tabloya göre ksenon: −112 °C. Bu değer ölçüm aralığının (109–119) dışında kalıyor.
V087;G4;"İyot tiroit hormonları için gereklidir; eksikliğinde guatr oluşur. Tuz herkesin her gün kullandığı bir besin olduğu için iyi bir taşıyıcıdır";evet;;;
V087;G4;İyot tuzun tadını artırdığı için;;kanitsiz;K1;"Kanıtlarda tatla ilgili bir bilgi yok; amaç sağlık (K1, K2)."
V087;G4;İyot tuzu nemden koruduğu için;;kanitsiz;K2;Kanıtlar iyotun tiroitteki görevini gösteriyor (K2).
V087;G4;İyot mor renkli olduğu için tuzu süslediği için;;iliski;K2;"Tuza eklenen iyot miktarı çok azdır ve tuzun rengini değiştirmez; amaç sağlıktır."
V088;G1;"Sıvıdaki madde röntgen ışınlarını durduruyor; ışın geçmeyen yerler filmde beyaz kalıyor.";evet;;;
V088;G1;Sıvı karanlıkta parlıyor.;;kanitsiz;K1;"Kanıtlar sıvının röntgen ışınlarını geçirmediğini söylüyor (K1); parlamadan söz etmiyor."
V088;G1;Sıvı röntgen ışınlarını güçlendiriyor.;;veri;K1;"Sıvı ışınları geçirmiyor (K1); güçlendirmiyor."
V088;G3;Stronsiyum;;veri;K5;Tabloya göre stronsiyum: 2,64 g/cm³. Bu değer ölçüm aralığının (3,5–3,7) dışında kalıyor.
V088;G3;Sezyum;;veri;K5;Tabloya göre sezyum: 1,87 g/cm³. Bu değer ölçüm aralığının (3,5–3,7) dışında kalıyor.
V088;G3;Baryum;evet;;;
V088;G3;Lantan;;veri;K5;Tabloya göre lantan: 6,15 g/cm³. Bu değer ölçüm aralığının (3,5–3,7) dışında kalıyor.
V088;G4;"Ağır baryum atomları röntgen ışınlarını durdurur; bileşik suda çözünmediği için vücuda geçip zehirlemez";evet;;;
V088;G4;Baryum bileşiklerinin hepsi zehirsiz olduğu için;;veri;K2;"Baryum bileşiklerinin çoğu zehirlidir (K2); baryum sülfat çözünmediği için güvenlidir."
V088;G4;Baryum sülfat mideyi iyileştirdiği için;;kanitsiz;K1;Sıvı tedavi için değil, görüntü almak için içiriliyor (hikâye, K1).
V088;G4;Baryum sülfat suda çok iyi çözünüp kana geçtiği için;;veri;K2;Baryum sülfat suda hiç çözünmüyor (K2).
V089;G1;"Aynı odaklama gücü daha ince ve daha hafif mercekle sağlanır; görüntü daha net olur.";evet;;;
V089;G1;İnce cam daha kolay kırılır, bu yüzden ucuzdur.;;iliski;K1;"Burada 'kırma' ışığın yön değiştirmesi anlamında; camın kırılmasıyla ilgisi yok."
V089;G1;Işığı güçlü kıran cam ışığı geçirmez.;;veri;K1;"Cam ışığı geçiriyor ve kırıyor (K1); geçirmeseydi objektif çalışmazdı."
V089;G3;Baryum;;veri;K5;Tabloya göre baryum: 3,62 g/cm³. Bu değer ölçüm aralığının (6,0–6,4) dışında kalıyor.
V089;G3;Lantan;evet;;;
V089;G3;Seryum;;veri;K5;Tabloya göre seryum: 6,77 g/cm³. Bu değer ölçüm aralığının (6,0–6,4) dışında kalıyor.
V089;G3;Neodim;;veri;K5;Tabloya göre neodim: 7,01 g/cm³. Bu değer ölçüm aralığının (6,0–6,4) dışında kalıyor.
V089;G4;"Camın ışığı kırma gücünü artırır ve renk saçılmasını azaltır; böylece daha ince ve net objektifler yapılır";evet;;;
V089;G4;Camı renkli yapıp güneş gözlüğüne çevirdiği için;;kanitsiz;K1;"Kanıtlar camın ışığı daha güçlü kırdığını söylüyor (K1); renklendirmeden söz etmiyor."
V089;G4;Camı mıknatısa çekilir yaptığı için;;iliski;K1;Mıknatıslık bir objektifin görüntü kalitesini etkilemez.
V089;G4;Hibrit araba bataryalarında kullanıldığı için;;iliski;K2;"Bataryalar lantanın başka bir kullanım alanıdır (K2); camdaki görevini açıklamaz."
V090;G1;Göz kamaştıran sarı ışık kaybolunca erimiş camın şekli ve rengi net görülür.;evet;;;
V090;G1;Gözlük bütün ışığı süzerek ustanın gözünü karanlıkta bırakır.;;veri;K1;Gözlük diğer renkleri büyük ölçüde geçiriyor (K1).
V090;G1;Gözlük camı ısıtarak ustanın işini kolaylaştırır.;;kanitsiz;K1;"Kanıtlar gözlüğün ışığı süzdüğünü söylüyor (K1); ısıtmadan söz etmiyor."
V090;G3;Seryum;;veri;K5;Tabloya göre seryum: 799 °C. Bu değer ölçüm aralığının (901–961) dışında kalıyor.
V090;G3;Praseodim;evet;;;
V090;G3;Neodim;;birim;K5;Tabloya göre neodim: 1016 °C. Bu değer ölçüm aralığının (901–961) dışında kalıyor. Ölçümün ± payını hesaba kat.
V090;G3;Prometyum;;veri;K5;Tabloya göre prometyum: 1042 °C. Bu değer ölçüm aralığının (901–961) dışında kalıyor.
V090;G4;"Neodimle birlikte, alevdeki sodyumun parlak sarı ışığını süzer; usta erimiş camı net görür";evet;;;
V090;G4;Gözlüğü kırılmaz yaptığı için;;kanitsiz;K1;"Kanıtlarda dayanıklılıktan söz edilmiyor; görevi sarı ışığı süzmek (K1)."
V090;G4;Karanlıkta parladığı için;;kanitsiz;K1;Kanıtlarda böyle bir özellik yok.
V090;G4;Gözlüğü mıknatıslı yaptığı için;;iliski;K2;Mıknatıslık ışığın süzülmesiyle ilgili değil.
V091;G1;Mıknatısların ısıya dayanıklılığı yapıldıkları malzemeye bağlıdır.;evet;;;
V091;G1;Bütün mıknatıslar ısınınca güçlenir.;;veri;K1;Sıradan demir mıknatıs ısınınca zayıfladı (K1).
V091;G1;Mıknatısın gücü yalnızca boyutuna bağlıdır.;;kanitsiz;K2;Karşılaştırma boyutla değil malzemeyle ilgili (K1, K2).
V091;G3;Neodim;;veri;K5;Tabloya göre neodim: 7,01 g/cm³. Bu değer ölçüm aralığının (7,4–7,6) dışında kalıyor.
V091;G3;Prometyum;;birim;K5;Tabloya göre prometyum: 7,26 g/cm³. Bu değer ölçüm aralığının (7,4–7,6) dışında kalıyor. Ölçümün ± payını hesaba kat.
V091;G3;Samaryum;evet;;;
V091;G3;Evropiyum;;veri;K5;Tabloya göre evropiyum: 5,24 g/cm³. Bu değer ölçüm aralığının (7,4–7,6) dışında kalıyor.
V091;G4;Yüksek sıcaklıkta da manyetikliklerini korurlar;evet;;;
V091;G4;Hiç mıknatıslık özellikleri olmadığı için;;veri;K1;Bunlar güçlü mıknatıslardır (K1).
V091;G4;Isınınca eriyip şekil değiştirdikleri için;;veri;K1;"Mıknatıs 250 °C'de bile işini yapıyor (K1); erimiyor."
V091;G4;En ucuz mıknatıslar oldukları için;;kanitsiz;K1;"Kanıtlarda fiyattan söz edilmiyor; seçilme nedeni ısıya dayanıklılık (K1)."
V092;G1;İlaç, dokular arasındaki farkı belirginleştirerek tümörün görülmesini kolaylaştırıyor.;evet;;;
V092;G1;İlaç tümörü tedavi ediyor.;;kanitsiz;K1;"Kanıtlar yalnızca görüntünün değiştiğini gösteriyor (K1); tedaviden söz etmiyor."
V092;G1;İlaç MR cihazını daha güçlü yapıyor.;;iliski;K1;"Cihaz aynı; değişen, ilacın vücuttaki dokuların sinyalini etkilemesi."
V092;G3;Samaryum;;veri;K5;Tabloya göre samaryum: 7,52 g/cm³. Bu değer ölçüm aralığının (7,8–8,0) dışında kalıyor.
V092;G3;Evropiyum;;veri;K5;Tabloya göre evropiyum: 5,24 g/cm³. Bu değer ölçüm aralığının (7,8–8,0) dışında kalıyor.
V092;G3;Gadolinyum;evet;;;
V092;G3;Terbiyum;;veri;K5;Tabloya göre terbiyum: 8,23 g/cm³. Bu değer ölçüm aralığının (7,8–8,0) dışında kalıyor.
V092;G4;Eşleşmemiş çok sayıda elektronu sayesinde manyetik alandan güçlü etkilenir ve çevresindeki dokuların sinyalini değiştirerek görüntüyü belirginleştirir;evet;;;
V092;G4;Radyoaktif olduğu için görüntüde parladığı için;;iliski;K2;"MR radyasyonla değil, manyetik alanla çalışır; gadolinyumun etkisi manyetik özelliğinden gelir (K2)."
V092;G4;Hiç manyetik özellik göstermediği için;;veri;K2;Gadolinyum iyonu manyetik alandan çok etkileniyor (K2).
V092;G4;Kemikleri güçlendirdiği için;;kanitsiz;K1;"Kanıtlarda böyle bir bilgi yok; ilaç görüntü almak için kullanılıyor (K1)."
V093;G1;Mıknatıs zayıflarsa jeneratör aynı dönüşte daha az elektrik üretir.;evet;;;
V093;G1;Mıknatıs zayıflayınca türbin daha hızlı döner.;;kanitsiz;K1;"Kanıtlarda böyle bir bilgi yok; mıknatısın gücü elektrik üretimini etkiler."
V093;G1;Isınan mıknatıs güçlenir.;;veri;K1;Katkısız mıknatıslar ısınınca manyetikliklerinin bir kısmını kaybediyor (K1).
V093;G3;Terbiyum;;veri;K5;Tabloya göre terbiyum: 8,23 g/cm³. Bu değer ölçüm aralığının (8,5–8,7) dışında kalıyor.
V093;G3;Disprosiyum;evet;;;
V093;G3;Holmiyum;;birim;K5;Tabloya göre holmiyum: 8,80 g/cm³. Bu değer ölçüm aralığının (8,5–8,7) dışında kalıyor. Ölçümün ± payını hesaba kat.
V093;G3;Erbiyum;;veri;K5;Tabloya göre erbiyum: 9,07 g/cm³. Bu değer ölçüm aralığının (8,5–8,7) dışında kalıyor.
V093;G4;Mıknatısın yüksek sıcaklıkta manyetikliğini kaybetmesini önler;evet;;;
V093;G4;Mıknatısı soğuttuğu için;;kanitsiz;K1;"Disprosiyum mıknatısı soğutmaz; sıcakken de güçlü kalmasını sağlar (K1)."
V093;G4;Saf hâlde havada çok kararlı olduğu için;;veri;K2;Disprosiyum havada ve suda kolayca tepkimeye girer (K2).
V093;G4;Mıknatısı hafiflettiği için;;kanitsiz;K1;"Kanıtlarda böyle bir bilgi yok; amaç ısıya dayanıklılık (K1)."
V094;G1;Taş parçalanırken çevresindeki sağlıklı dokular az zarar görür.;evet;;;
V094;G1;Lazer bütün böbreği ısıtarak taşı eritir.;;veri;K1;Lazer enerjisini yalnızca dokunduğu küçük noktaya veriyor (K1).
V094;G1;Işık lifte ilerlerken kaybolur.;;veri;K1;Işık lifle taşa kadar taşınıyor (K1).
V094;G3;Disprosiyum;;birim;K5;Tabloya göre disprosiyum: 8,55 g/cm³. Bu değer ölçüm aralığının (8,7–8,9) dışında kalıyor. Ölçümün ± payını hesaba kat.
V094;G3;Holmiyum;evet;;;
V094;G3;Erbiyum;;birim;K5;Tabloya göre erbiyum: 9,07 g/cm³. Bu değer ölçüm aralığının (8,7–8,9) dışında kalıyor. Ölçümün ± payını hesaba kat.
V094;G3;Tulyum;;veri;K5;Tabloya göre tulyum: 9,32 g/cm³. Bu değer ölçüm aralığının (8,7–8,9) dışında kalıyor.
V094;G4;Ürettiği ışık ince bir lifle taşa kadar taşınabilir ve enerjisini taşın yüzeyine vererek onu parçalar;evet;;;
V094;G4;Holmiyum radyoaktif olduğu için taşı ışınla erittiği için;;iliski;K1;Lazer radyoaktif ışın değil, yoğun bir ışık demetidir (K1).
V094;G4;Holmiyum nötron yuttuğu için taşı küçülttüğü için;;iliski;K2;"Nötron yutma holmiyumun reaktörlerdeki görevidir (K2); lazerle ilgisi yok."
V094;G4;Holmiyum taşı mıknatısla çektiği için;;kanitsiz;K1;Taş mıknatısla değil, lazer ışığıyla parçalanıyor (hikâye, K1).
V095;G1;Elektrik olmayan yerlerde de kırık ve yaralanmalar görüntülenebilir.;evet;;;
V095;G1;Cihaz elektrik üretip hastaneye verir.;;kanitsiz;K1;"Cihaz elektrik üretmiyor; röntgen ışını üretiyor (K1)."
V095;G1;Elektriksiz cihazın görüntüsü daha nettir.;;kanitsiz;K1;Kanıtlarda görüntü netliğiyle ilgili bir bilgi yok.
V095;G3;Erbiyum;;birim;K5;Tabloya göre erbiyum: 9,07 g/cm³. Bu değer ölçüm aralığının (9,2–9,4) dışında kalıyor. Ölçümün ± payını hesaba kat.
V095;G3;Tulyum;evet;;;
V095;G3;İterbiyum;;veri;K5;Tabloya göre iterbiyum: 6,90 g/cm³. Bu değer ölçüm aralığının (9,2–9,4) dışında kalıyor.
V095;G3;Lutesyum;;veri;K5;Tabloya göre lutesyum: 9,84 g/cm³. Bu değer ölçüm aralığının (9,2–9,4) dışında kalıyor.
V095;G4;"Kendiliğinden röntgen ışını yayar; böylece cihaz elektriksiz, küçük ve hafif olabilir";evet;;;
V095;G4;Tulyum çok ucuz ve bol olduğu için;;kanitsiz;K1;"Kanıtlarda fiyattan söz edilmiyor; kaynağın üstünlüğü kendiliğinden ışın yayması (K1)."
V095;G4;Tulyum ışınları tamamen engellediği için;;veri;K1;"Kaynak ışın yayıyor (K1); engellemiyor."
V095;G4;Tulyum lazerlerde kullanıldığı için;;iliski;K2;"Lazerler tulyumun başka bir kullanım alanıdır (K2); röntgen cihazındaki görevini açıklamaz."
V096;G1;Değişmeyen bir frekans, zamanı ölçmek için şaşmaz bir 'tik tak' sağlar.;evet;;;
V096;G1;Atomlar zamanla yavaşlar, bu yüzden saat hassastır.;;veri;K1;Atomların soğurduğu frekans hiç değişmiyor (K1).
V096;G1;Lazer ışığı saati ısıtarak hızlandırır.;;kanitsiz;K1;Kanıtlarda böyle bir bilgi yok.
V096;G3;Erbiyum;;veri;K5;Tabloya göre erbiyum: 9,07 g/cm³. Bu değer ölçüm aralığının (6,6–7,2) dışında kalıyor.
V096;G3;Tulyum;;veri;K5;Tabloya göre tulyum: 9,32 g/cm³. Bu değer ölçüm aralığının (6,6–7,2) dışında kalıyor.
V096;G3;İterbiyum;evet;;;
V096;G3;Lutesyum;;veri;K5;Tabloya göre lutesyum: 9,84 g/cm³. Bu değer ölçüm aralığının (6,6–7,2) dışında kalıyor.
V096;G4;"Atomları çok kararlı bir frekansta ışık soğurur; bu titreşimler sayılarak zaman son derece hassas ölçülür";evet;;;
V096;G4;İterbiyum radyoaktif olduğu için zamanla bozunup süreyi gösterdiği için;;iliski;K1;Saat radyoaktif bozunmayla değil, atomların ışık soğurma frekansıyla çalışıyor (K1).
V096;G4;İterbiyum katalizör olduğu için saatin çarklarını hızlandırdığı için;;iliski;K2;"Katalizörlük iterbiyumun başka bir kullanım alanıdır (K2); atom saatinde çark yoktur."
V096;G4;İterbiyum çok ağır olduğu için saati sarsıntıdan koruduğu için;;kanitsiz;K1;Kanıtlarda böyle bir bilgi yok.
V097;G1;"Görünmeyen gama ışınları, ölçülebilen ışık parlamalarına dönüşür; böylece ışınların nereden geldiği bulunur.";evet;;;
V097;G1;Kristal hastayı ısıtır.;;kanitsiz;K1;"Kanıtlarda böyle bir bilgi yok; kristal ışın çarpınca ışık yayıyor (K1)."
V097;G1;Kristal gama ışınlarını çoğaltır.;;veri;K1;"Kristal gama ışınlarını çoğaltmaz; onları ışık parlamalarına çevirir (K1)."
V097;G3;Tulyum;;birim;K5;Tabloya göre tulyum: 9,32 g/cm³. Bu değer ölçüm aralığının (9,6–10,0) dışında kalıyor. Ölçümün ± payını hesaba kat.
V097;G3;İterbiyum;;veri;K5;Tabloya göre iterbiyum: 6,90 g/cm³. Bu değer ölçüm aralığının (9,6–10,0) dışında kalıyor.
V097;G3;Lutesyum;evet;;;
V097;G3;Hafniyum;;veri;K5;Tabloya göre hafniyum: 13,30 g/cm³. Bu değer ölçüm aralığının (9,6–10,0) dışında kalıyor.
V097;G4;Yoğun oldukları için gama ışınlarını iyi durdurur ve onları hızlı, parlak ışık parlamalarına çevirirler;evet;;;
V097;G4;Lutesyum gama ışınlarını tamamen yok ettiği için;;iliski;K1;"Kristal gama ışınlarını yok etmez; onları ölçülebilir ışığa çevirir (K1)."
V097;G4;Kristaller çok hafif olduğu için;;veri;K2;Kristaller çok yoğun (K2 ve ölçüm K5).
V097;G4;Lutesyum hastaya verilen şekerin içinde bulunduğu için;;veri;K2;"Lutesyum hastaya verilmiyor; tarayıcının halkasındaki kristallerde (hikâye, K2)."
V098;G1;Cevherde uranyumdan daha güçlü ışınım yapan başka bir element daha olmalı.;evet;;;
V098;G1;Uranyum ölçülürken bir hata yapılmış.;;kanitsiz;K1;"Curie'ler bu farkın izini sürüp yeni bir element buldu; kanıtlar bir ölçüm hatasını değil yeni bir maddeyi gösteriyor."
V098;G1;Cevher hiç uranyum içermiyor.;;veri;K1;"Cevher uranyum içeriyor (K1); ışınım ondan beklenenden fazla."
V098;G3;Baryum;;veri;K5;Tabloya göre baryum: 3,62 g/cm³. Bu değer ölçüm aralığının (4,8–5,2) dışında kalıyor.
V098;G3;Radyum;evet;;;
V098;G3;Aktinyum;;veri;K5;Tabloya göre aktinyum: 10,00 g/cm³. Bu değer ölçüm aralığının (4,8–5,2) dışında kalıyor.
V098;G3;Toryum;;veri;K5;Tabloya göre toryum: 11,70 g/cm³. Bu değer ölçüm aralığının (4,8–5,2) dışında kalıyor.
V098;G4;"Çok güçlü radyoaktif olduğu için tehlikelidir; saat kadranları gibi eski kullanımları bırakıldı";evet;;;
V098;G4;Radyum hiç ışınım yapmadığı için işe yaramaz;;veri;K1;Radyum çok güçlü ışınım yapar (K1).
V098;G4;Radyum baryuma benzediği için baryum yerine kullanılamaz;;iliski;K2;"Baryuma benzemesi kullanılmamasının nedeni değildir; asıl neden güçlü radyoaktifliği."
V098;G4;Radyum doğada çok bol olduğu için değersizdir;;veri;K1;"Tonlarca cevherden yalnızca 0,1 gram tuz elde edildi (hikâye); radyum çok nadirdir."
V099;G1;Aynı elementin farklı izotopları çok farklı hızlarda bozunabilir.;evet;;;
V099;G1;İki izotop farklı elementlerdir.;;veri;K2;"İzotoplar aynı elementin atomlarıdır; yalnızca nötron sayıları farklıdır."
V099;G1;Bütün izotoplar aynı hızda bozunur.;;veri;K2;"Yarılanma süreleri 1 dakika ve 33 bin yıl (K1, K2); çok farklı."
V099;G3;Toryum;;veri;K5;Tabloya göre toryum: 11,70 g/cm³. Bu değer ölçüm aralığının (14,9–15,9) dışında kalıyor.
V099;G3;Protaktinyum;evet;;;
V099;G3;Uranyum;;veri;K5;Tabloya göre uranyum: 19,10 g/cm³. Bu değer ölçüm aralığının (14,9–15,9) dışında kalıyor.
V099;G3;Neptünyum;;veri;K5;Tabloya göre neptünyum: 20,20 g/cm³. Bu değer ölçüm aralığının (14,9–15,9) dışında kalıyor.
V099;G4;"Doğada çok az bulunur, radyoaktiftir; yalnızca araştırmalarda kullanılır";evet;;;
V099;G4;Çok ucuz ve bol olduğu için kimse ilgilenmez;;kanitsiz;K1;"Protaktinyum uranyum cevherinde çok az miktarda bulunur; bol değildir."
V099;G4;İzotoplarının hepsi 1 dakikada bozunduğu için;;veri;K2;Bir izotopunun yarılanma süresi yaklaşık 33 bin yıl (K2).
V099;G4;Adı değiştiği için kullanılması yasaklandığı için;;iliski;K1;Bir elementin adının değişmesi kullanımını etkilemez.
V100;G1;"Cam, morötesi ışığı soğurup hemen yeşil ışık olarak geri veriyor; ışığı depolamıyor.";evet;;;
V100;G1;Cam kendi enerjisiyle sürekli parlıyor.;;veri;K1;"Lamba kapanınca parlama duruyor (K1); enerji lambadan geliyor."
V100;G1;Cam ışığı saatlerce depolayıp karanlıkta yayıyor.;;veri;K1;Parlama lamba kapanınca hemen duruyor (K1).
V100;G3;Protaktinyum;;veri;K5;Tabloya göre protaktinyum: 15,40 g/cm³. Bu değer ölçüm aralığının (18,9–19,3) dışında kalıyor.
V100;G3;Uranyum;evet;;;
V100;G3;Neptünyum;;veri;K5;Tabloya göre neptünyum: 20,20 g/cm³. Bu değer ölçüm aralığının (18,9–19,3) dışında kalıyor.
V100;G3;Plütonyum;;birim;K5;Tabloya göre plütonyum: 19,70 g/cm³. Bu değer ölçüm aralığının (18,9–19,3) dışında kalıyor. Ölçümün ± payını hesaba kat.
V100;G4;Camdaki uranyum bileşikleri morötesi ışığı soğurup yeşil ışık olarak geri yayar;evet;;;
V100;G4;Uranyum yanarken yeşil alev verdiği için;;iliski;K1;"Camda yanma yok; parlama morötesi ışığın soğurulup geri verilmesiyle oluşuyor (K1)."
V100;G4;Uranyumun radyoaktifliği camı karanlıkta parlattığı için;;veri;K1;"Parlama yalnızca morötesi lamba açıkken görülüyor (K1); radyoaktiflikten değil."
V100;G4;Cam yeşile boyandığı için;;kanitsiz;K2;Renk boyadan değil, camın içindeki uranyum bileşiğinden geliyor (K2).
V101;G1;Gerçek bir fark: her türün ölçümleri birbirine çok yakın, ama iki tür arasındaki fark bu saçılmadan çok daha büyük.;evet;;;
V101;G1;Ölçüm hatası: fark binde 5 gibi çok küçük bir değer.;;birim;K1;"Bir farkın küçük olması önemsiz olduğunu göstermez; önemli olan farkın ölçümlerin kendi saçılmasıyla karşılaştırılmasıdır."
V101;G1;Gerçek bir fark, çünkü amonyaktan elde edilen azot kirlidir.;;kanitsiz;K1;Ölçümler bir fark olduğunu gösteriyor, ama nedenini göstermiyor. Bu iddiayı destekleyen bir kanıt yok.
V101;G1;"Karar verilemez; yoğunluk g/L ile değil g/cm³ ile ölçülmeliydi.";;birim;K1;"g/L de geçerli bir yoğunluk birimidir; gazlar için daha kullanışlıdır."
V101;G2;Havadan elde edilen gaza azottan daha ağır, bilinmeyen bir gaz karışmış olabilir.;evet;;;
V101;G2;Havadan elde edilen gazda oksijen ya da karbondioksit gibi bilinen bir gaz tam temizlenmemiş olabilir.;evet;;;
V101;G2;Rayleigh şanssız bir günde ölçüm yapmıştır.;;kanitsiz;K1;"Ölçümler tekrarlandı ve her seferinde aynı sonuç çıktı; şans bir açıklama değildir."
V101;G2;Havadan elde edilen gaz daha soğuk olduğu için daha ağırdır.;;birim;K1;Bütün ölçümler aynı koşullarda (0 °C, 1 atm) yapıldı.
V101;G3;Havada azot gibi davranmayan, hiç tepkimeye girmeyen bilinmeyen bir gaz olduğunu.;evet;;;
V101;G3;Bir temizleme hatası olduğunu.;;veri;K2;"Cavendish'in kalıntısı en zorlu koşullarda bile tepkimeye girmedi; bu bir temizleme hatasına benzemiyor."
V101;G3;Havanın tamamen azottan oluştuğunu.;;veri;K2;Not, havanın yaklaşık %1'inin tepkimeye girmediğini söylüyor.
V101;G3;Cavendish'in ölçümlerinin yanlış olduğunu.;;kanitsiz;K2;Bu iddiayı destekleyen bir kanıt yok.
V101;G4;"Azotun tamamı ayrıldığı hâlde geriye bir gaz kaldı; demek ki havadan elde edilen azot saf değildi.";evet;;;
V101;G4;Magnezyumun azotu ağırlaştırdığını gösterir.;;iliski;K3;"Magnezyum azotla katı bir bileşik oluşturup onu gazdan ayırdı; azotu ağırlaştırmadı."
V101;G4;Kalan gazın oksijen olduğunu kanıtlar.;;kanitsiz;K3;"Oksijen de sıcak magnezyumla hemen tepkimeye girerdi; kalan gaz ise hiçbir şeyle tepkimeye girmiyor."
V101;G4;"Deney gereksizdir; yoğunluk farkı zaten her şeyi açıklar.";;kanitsiz;K1;Yoğunluk farkı bir şey olduğunu gösterir, ama ne olduğunu göstermez.
V101;G5;"Kalan gaz azottan ağır, yeni bir elementtir; bu da havadan elde edilen azotun neden daha ağır olduğunu açıklar.";evet;;;
V101;G5;Kalan gaz bir azot bileşiğidir.;;kanitsiz;K3;"Ramsay azotu tamamen ayırmıştı; ayrıca bu gaz hiçbir şeyle tepkimeye girmiyor."
V101;G5;Yeni çizgiler cihazın arızasından kaynaklanır.;;kanitsiz;K4;"Bu iddiayı destekleyen bir kanıt yok; çizgiler yalnızca bu gazda görüldü."
V101;G5;Kalan gaz helyumdur.;;veri;K5;"Helyum azottan çok daha hafiftir; bu gaz ise azottan ağır."
V101;G7;Hiçbir maddeyle tepkimeye girmediği için;evet;;;
V101;G7;Havada yavaş hareket ettiği için;;iliski;K6;Ad gazın hızıyla değil, tepkimeye girmemesiyle ilgili.
V101;G7;Keşfi çok uzun sürdüğü için;;iliski;K6;Keşfi gerçekten yüz yıldan fazla sürdü, ama ad gazın tepkimeye girmemesinden geliyor.
V101;G7;Havada çok az bulunduğu için;;veri;K6;Ad gazın miktarıyla ilgili değil.
V101;G8;"Argon tepkimeye girmez; akkor hâldeki telin oksijenle tepkimeye girip bozulmasını önler.";evet;;;
V101;G8;Ampulün ışığı argondan gelir.;;iliski;K7;"Akkor ampulde ışığı kızgın tel verir; argon telin bozulmasını önler."
V101;G8;Argon ampulü soğutur.;;kanitsiz;K7;Bu iddiayı destekleyen bir kanıt yok.
V101;G8;Argon havadan hafif olduğu için ampulü hafifletir.;;veri;K5;Argon azottan, dolayısıyla havadan daha yoğundur.
V101;G9;Ramsay, havadan elde edilen azottan azotu tamamen ayırınca geriye tepkimeye girmeyen bir gaz kaldı ve bu gazın spektrumu yeni çizgiler gösterdi.;evet;;;
V101;G9;Rayleigh ünlü bir bilim insanıdır, hata yapmaz.;;kanitsiz;;Bir iddianın doğruluğu onu söyleyenin ününe değil, kanıtlara bağlıdır.
V101;G9;Fark çok küçük olduğu için önemsizdir.;;birim;K1;"Bu, eleştirmeni destekleyen bir ifade; üstelik farkın küçük olması önemsiz olduğu anlamına gelmez."
V101;G9;Cavendish de aynı yoğunluk ölçümünü yapmıştı.;;veri;K2;"Cavendish yoğunluk ölçmedi; tepkimeye girmeyen bir kalıntı buldu."
V102;G1;"Hayır; pirit ve pirinç gibi başka maddeler de sarı ve parlaktır. Renk tek başına yetersiz bir kanıttır.";evet;;;
V102;G1;"Evet; altının rengi taklit edilemez.";;kanitsiz;K2;Referans tablosunda altına benzeyen sarı maddeler var.
V102;G1;"Evet; parlak olan her metal değerlidir.";;iliski;K2;"Parlaklık bir metalin değeri hakkında bilgi vermez; pirinç de parlaktır."
V102;G1;"Hayır; altın aslında gümüş renklidir.";;veri;K2;Altın karakteristik sarı renktedir.
V102;G2;A (taş parçası);evet;;;
V102;G2;C (madalyon);evet;;;
V102;G2;B (külçe);;veri;K1;"B'nin yoğunluğu ve çizgi rengi altınla uyumlu; bu kanıtlarla elenemez."
V102;G3;"Hayır; tungstenin yoğunluğu da 19,3 g/cm³. B'nin içi tungsten, dışı altın olabilir; içini incelemek gerekir.";evet;;;
V102;G3;"Evet; 19,3 g/cm³ yalnızca altına aittir.";;veri;K2;Referans tablosuna göre tungstenin yoğunluğu da 19,3.
V102;G3;"Evet; yoğunluk en güçlü kanıttır, başka teste gerek yok.";;kanitsiz;K2;Yoğunluk güçlü bir kanıttır ama aynı yoğunlukta iki metal olduğunda yetmez.
V102;G3;"Hayır; çünkü yoğunluk g/cm³ ile değil ayar (karat) ile ölçülür.";;birim;K1;"Ayar (karat) altının saflığını gösterir; yoğunluğun birimi g/cm³'tür."
V102;G4;"İç kısım da sarı ve yumuşak; sert ve gümüşi beyaz tungsten bununla uyuşmuyor. Külçe altındır.";evet;;;
V102;G4;Asitten etkilenmemesi tek başına külçenin altın olduğunu kanıtlar.;;kanitsiz;K3;"Tungsten de birçok asitten pek etkilenmez; asit testi altını tungstenden ayırmaz."
V102;G4;İç kısmın yumuşak olması külçenin kurşun olduğunu gösterir.;;veri;K1;"Kurşunun yoğunluğu 11,3 g/cm³; külçeninki 19,3."
V102;G4;"Delik açmak külçeyi bozar; bu yüzden kanıt geçersizdir.";;kanitsiz;K5;"Örneği biraz bozmak kanıtı geçersiz yapmaz; bazen tek kesin yol budur."
V102;G6;"Elektriği iyi iletir ve korozyona uğramaz; bu yüzden temas noktası zamanla bozulmaz.";evet;;;
V102;G6;En iyi elektrik iletkeni altındır.;;veri;;"En iyi elektrik iletkeni gümüştür; ardından bakır gelir. Altın paslanmadığı için seçilir."
V102;G6;Altın ağır olduğu için bağlantıyı sabit tutar.;;iliski;K1;"Bağlantı uçlarındaki altın çok ince bir kaplamadır; ağırlığı bir işe yaramaz."
V102;G6;Altın mıknatısa çekildiği için bağlantıyı tutar.;;veri;;Altın mıknatısa çekilmez.
V102;G7;Latince adı 'aurum'dan gelir.;evet;;;
V102;G7;'Altın' kelimesinin ilk ve son harflerinden gelir.;;kanitsiz;K6;Arşiv notuna göre sembol Latince bir kelimeden gelir.
V102;G7;'A' başka bir elementin sembolü olduğu için.;;kanitsiz;K6;Tek harfli 'A' sembolü hiçbir elemente ait değildir.
V102;G7;İngilizce 'gold' adından gelir.;;veri;K6;'gold' kelimesinde a ya da u harfi yok.
V102;G8;"Karun (Kroisos), ilk saf altın sikkelerin basıldığı Lidya Krallığı'nın kralıydı; servetiyle ünlüydü.";evet;;;
V102;G8;Altını ilk keşfeden kişi Karun'dur.;;veri;K6;RSC'ye göre altın tarih öncesi çağlardan beri bilinir.
V102;G8;Karun, altının sembolünü bulan bir kimyagerdir.;;kanitsiz;K6;Arşiv notunda böyle bir bilgi yok.
V102;G8;Deyim altının yoğunluğundan gelir.;;iliski;K6;Deyim bir kralın servetinden gelir.
V102;G9;"A'nın yoğunluğu, çizgisi ve kırılganlığı piritle; C'nin yoğunluğu pirinçle uyuşuyor. B'nin yoğunluğu altınla uyuşuyor; içten alınan örneğin sarı ve yumuşak olması, aynı yoğunluktaki tungsten ihtimalini eledi.";evet;;;
V102;G9;B en ağır parça olduğu için altındır.;;birim;K1;"Ağırlık parçanın büyüklüğüne de bağlıdır; karşılaştırılması gereken, yoğunluktur."
V102;G9;B asitten etkilenmediği için altındır.;;kanitsiz;K3;"Tungsten de birçok asitten pek etkilenmez; bu kanıt tek başına yetmez."
V102;G9;Satıcı güvenilir biri olduğu için B altındır.;;kanitsiz;;Bir kişinin güvenilirliği bilimsel bir kanıt değildir.
V103;G1;Demir (7,87 g/cm³);evet;;;
V103;G1;Kobalt (8,86 g/cm³);;veri;K2;8,86, ölçüm aralığının (7,8–8,0) dışında.
V103;G1;Nikel (8,90 g/cm³);;veri;K2;8,90, ölçüm aralığının dışında.
V103;G1;"Üçü de; yoğunlukları neredeyse aynı";;veri;K3;Kobalt ve nikel birbirine çok yakın, ama demir onlardan belirgin biçimde farklı.
V103;G3;Suyun etkisini: iki tüpte de hava var, yalnızca birinde su var.;evet;;;
V103;G3;Havanın etkisini;;veri;K4;"İki tüpte de hava var; hava değişmiyor."
V103;G3;Tuzun etkisini;;veri;K4;Tuz yalnızca 4. tüpte var.
V103;G3;Sıcaklığın etkisini;;kanitsiz;K4;"Sıcaklık bütün tüplerde aynı; deney onu değiştirmiyor."
V103;G4;İddiayı çürütür: tüp 2'de su var ama hava yok ve çivi paslanmadı. Paslanma için su ve oksijen birlikte gerekir.;evet;;;
V103;G4;İddiayı destekler: suyun olduğu her tüpte pas var.;;veri;K4;Tüp 2'de su var ama pas yok.
V103;G4;"Hiçbir şey söylemez; tüp 2 yanlış kurulmuştur.";;kanitsiz;K4;Tüp 2'nin yanlış kurulduğunu gösteren bir kanıt yok.
V103;G4;Paslanma için yalnızca oksijen gerekir.;;veri;K4;Tüp 1'de oksijen var ama su yok ve paslanma olmadı.
V103;G5;"Tuz paslanmayı hızlandırır; deniz kıyısındaki ya da kışın yollarına tuz dökülen köprüler daha hızlı paslanır.";evet;;;
V103;G5;Tuz demiri korur.;;veri;K4;Tuzlu sudaki çivi daha çok paslandı.
V103;G5;"Tuz paslanmayı etkilemez; yalnızca suyu tuzlu yapar.";;veri;K4;"Tüp 3 ile 4'ün sonuçları farklı; tek fark tuz."
V103;G5;"Deney yalnızca çiviler için geçerlidir; köprüler için bir şey söylenemez.";;kanitsiz;K4;"Köprü de aynı metalden yapılmış; kontrollü deneyler bu tür öngörüler için yapılır."
V103;G6;"Bol ve ucuzdur; karbon ve başka metallerle çok güçlü çelikler yapılır. Boya, kaplama ya da paslanmaz çelik paslanmayı önler.";evet;;;
V103;G6;"Demir aslında paslanmaz; pas yalnızca kirdir.";;veri;K5;Pas analizi pasın bir demir oksit olduğunu gösterdi.
V103;G6;Demir en hafif metal olduğu için.;;veri;K3;"Demirin yoğunluğu 7,87 g/cm³; hafif bir metal değildir."
V103;G6;Demir mıknatısa çekildiği için köprüleri sağlam tutar.;;iliski;K1;Mıknatısa çekilmek dayanıklılığın nedeni değildir.
V103;G7;Demiri cevherinden ilk eritenler Anadolu'daki Hititlerdi (MÖ 1500 civarı).;evet;;;
V103;G7;Demir ilk kez 1800'lerde laboratuvarda bulundu.;;veri;K6;Kayda göre demir binlerce yıldır kullanılıyor.
V103;G7;Mısır'daki en eski demir eşyalar Hititlerden satın alındı.;;kanitsiz;K6;Kayıt bu eşyaların nikel içerdiğini, yani göktaşından geldiğini söylüyor.
V103;G7;Demir Çağı, demirin paslanmasının keşfiyle başladı.;;iliski;K6;Demir Çağı, demirin cevherden eritilmeye başlanmasıyla başladı.
V103;G8;"Tüp 1'de su yok. Paslanma için su ve oksijen birlikte gerekir; havanın tek başına yetmemesi önemsiz olduğunu göstermez.";evet;;;
V103;G8;"Hata yok; hava gerçekten önemsizdir.";;veri;K4;Tüp 2'de hava yok ve çivi paslanmadı.
V103;G8;Tüp 1'deki hava kirli olduğu için sonuç geçersizdir.;;kanitsiz;K4;Havanın kirli olduğunu gösteren bir kanıt yok.
V103;G8;Tüp 1 ile tüp 4 karşılaştırılmalıydı.;;veri;K4;"Tüp 1 ile 4 arasında hem su hem tuz farkı var; iki değişken birden değiştiği için hangisinin etkili olduğu anlaşılmaz."
V104;G2;Azaldı: 1,8 mg/L'den 0,9 mg/L'ye düştü.;evet;;;
V104;G2;Arttı.;;veri;K3;Değerler 1,8'den 0,9'a iniyor.
V104;G2;Değişmedi.;;veri;K3;Değerler 1,8'den 0,9'a iniyor.
V104;G2;Karşılaştırılamaz, çünkü birim mg/L.;;birim;K3;"Bütün ölçümler aynı birimle yapılmış; karşılaştırılabilir."
V104;G3;"Kloramin ve yüzücü sayısıyla birlikte artıyor; serbest dezenfektan ise azalıyor.";evet;;;
V104;G3;Serbest dezenfektanla birlikte artıyor.;;veri;K3;Şikâyet en çokken (Pazar) serbest dezenfektan en azdı.
V104;G3;Hiçbir değerle birlikte değişmiyor.;;veri;K3;Şikâyetler hafta boyunca belirgin biçimde arttı.
V104;G3;"Yalnızca günün adıyla ilgili; hafta sonları gözler daha hassastır.";;kanitsiz;K3;Bu iddiayı destekleyen bir kanıt yok.
V104;G4;"Hayır; şikâyetler arttıkça serbest dezenfektan azalıyor. Veriler kloramin hipoteziyle uyumlu.";evet;;;
V104;G4;"Evet; koku varsa dezenfektan fazladır.";;kanitsiz;K4;CDC'ye göre 'klor kokusu' diye algılanan koku çoğunlukla kloraminlerden gelir.
V104;G4;"Evet; çünkü bu element zehirli bir gazdır.";;iliski;K2;Saf element gerçekten zehirli bir gazdır, ama havuzda saf gaz değil, suda çözünmüş bileşikleri vardır. Veriler de fazla dezenfektanı göstermiyor.
V104;G4;"Karar verilemez; yalnızca dört gün ölçülmüş.";;veri;K3;Dört gün sınırlı bir veri, ama hipotezle açıkça çelişiyor: şikâyet en çokken dezenfektan en azdı.
V104;G5;"Doğrudan değil; yüzücülerin teri ve idrarı kloramin oluşumunu artırarak dolaylı bir etki yapıyor olabilir. Doğrulamak için kontrollü bir deney gerekir.";evet;;;
V104;G5;"Evet; yüzücüler gözleri doğrudan yakar.";;kanitsiz;K4;Bu iddiayı destekleyen bir kanıt yok.
V104;G5;"Hayır; yüzücü sayısının hiçbir etkisi olamaz.";;veri;K4;CDC notu, yüzücülerin terinin ve idrarının kloramin oluşumuna katkı yaptığını söylüyor.
V104;G5;"Evet; korelasyon her zaman nedenselliği kanıtlar.";;kanitsiz;K3;İki niceliğin birlikte değişmesi, birinin diğerine neden olduğunu kanıtlamaz.
V104;G6;Yüzücülerin girmeden önce duş almasını sağlamak, havalandırmayı artırmak ve dezenfektanı önerilen aralıkta tutmak.;evet;;;
V104;G6;Dezenfektanı tamamen kesmek.;;iliski;K5;"Dezenfektan mikropları öldürür; kesilirse su hastalık yayabilir."
V104;G6;Suya daha çok tuz atmak.;;kanitsiz;;Tuzun kloramini azalttığını gösteren bir kanıt yok.
V104;G6;Koku kaybolana kadar havuza parfüm eklemek.;;kanitsiz;;Parfüm kokuyu örter ama kloraminleri ve göz yanmasını ortadan kaldırmaz.
V104;G7;"Yunanca 'sarımsı yeşil' anlamındaki 'chloros' kelimesinden; saf gazın rengi nedeniyle";evet;;;
V104;G7;Bitkilerdeki klorofilden;;iliski;K6;Klorofil de aynı Yunanca kökten (yeşil) adını alır, ama klorofil klor içermez.
V104;G7;Kloramin bileşiklerinden;;veri;K6;Kloraminler adını elementten alır, tersi değil.
V104;G7;Onu elde eden Scheele'nin memleketinden;;kanitsiz;K6;Arşiv notunda böyle bir bilgi yok.
V104;G8;Şikâyetlerin arttığı günlerde serbest dezenfektan azalmış, kloramin artmış. CDC'ye göre 'klor kokusu' çoğunlukla kloraminlerden gelir. Sorun fazla dezenfektan değil, ter ve idrarla oluşan kloraminler.;evet;;;
V104;G8;Koku keskin olduğu için dezenfektan azaltılmalı.;;kanitsiz;K4;Kokunun kaynağı dezenfektanın kendisi değil, kloraminlerdir.
V104;G8;Pazar günü 350 kişi yüzdüğü için havuz kapatılmalı.;;kanitsiz;K3;"Bu bir öneri, gerekçe değil; ayrıca sorunun kaynağını açıklamıyor."
V104;G8;Kloramin bir element olduğu için tehlikelidir.;;veri;K4;Kloraminler element değil, bileşiktir.
V105;G1;"Yalnızca kaynağın radyoaktif olduğunu; hangi element olduğunu ya da ne kadar tehlikeli olduğunu söylemez.";evet;;;
V105;G1;Kaynağın uranyum olduğunu;;kanitsiz;K2;"Radyoaktif elementlerin sayısı çok; etiket hangisi olduğunu söylemiyor."
V105;G1;Evin tehlikeli derecede radyasyonlu olduğunu;;kanitsiz;K1;Etiket radyasyonun ne kadar olduğu hakkında bilgi vermez.
V105;G1;Kaynağın patlayıcı olduğunu;;iliski;K1;Radyoaktif olmak patlayıcı olmak demek değildir.
V105;G3;Amerikyum: amerikyum-241'in yarı ömrü 432 yıl.;evet;;;
V105;G3;Uranyum: en bilinen radyoaktif element olduğu için;;kanitsiz;K4;"Bir elementin tanınmış olması kanıt değildir; uranyum-238'in yarı ömrü 4,5 milyar yıl."
V105;G3;Plütonyum: belgede plütonyumun adı geçtiği için;;veri;K3;"Belgede plütonyumun hammadde olduğu yazıyor; ürün plütonyum değil."
V105;G3;Küriyum: yarı ömrü kısa olduğu için daha güvenli;;veri;K4;"Küriyum-244'ün yarı ömrü yaklaşık 18 yıl; belgedeki 432 yılla uyuşmuyor."
V105;G5;"Alfa parçacıkları kâğıt gibi ince bir engelle bile durur; kaynak kaplı olduğu için dedektör doğru kullanıldığında radyasyon riski oluşturmaz.";evet;;;
V105;G5;Radyoaktif olan her şey her durumda tehlikelidir.;;kanitsiz;K6;Tehlike radyasyonun türüne, miktarına ve korunmaya bağlıdır.
V105;G5;"Alfa parçacıkları duvarları geçer; dedektör evin her yerini etkiler.";;veri;K1;Kâğıt deneyi alfa parçacıklarının ince bir kâğıtla bile durduğunu gösteriyor.
V105;G5;Dedektör radyasyonla dumanı yok eder.;;iliski;K6;"Dedektör dumanı yok etmez; dumanın akımı azaltmasını algılar."
V105;G6;"Yaydığı alfa parçacıklarının havayı iyonlaştırıp küçük bir akım oluşturması; duman akımı azaltınca alarm çalar.";evet;;;
V105;G6;Amerikyumun dumanı görüp ışık saçması;;iliski;K6;"Amerikyum dumanı 'görmez'; akımdaki değişim algılanır."
V105;G6;Amerikyumun yangında eriyip devreyi kapatması;;veri;;"Amerikyumun erime noktası 1176 °C; dedektör bu şekilde çalışmaz."
V105;G6;Amerikyumun mıknatısa çekilmesi;;kanitsiz;K6;Notta mıknatıstan söz edilmiyor.
V105;G7;İlk kez üretildiği kıta olan Amerika'dan;evet;;;
V105;G7;Onu üreten ekibin liderinin adından;;veri;K5;Ekibin lideri Glenn Seaborg'du ama ad bir kıtadan geliyor.
V105;G7;Doğada en çok Amerika'da bulunduğu için;;veri;K3;"Amerikyum doğada bulunmaz; reaktörde üretilir."
V105;G7;Amerika'daki bir madenden çıkarıldığı için;;veri;K3;"Amerikyum madenden çıkarılmaz; reaktörde üretilir."
V105;G8;"Kaynak uranyum ya da plütonyum değil, amerikyum-241. Alfa parçacıkları çok kısa mesafede durur ve kaynak kaplıdır. Dedektör doğru kullanıldığında güvenlidir; bozulursa açılmamalı, kurallara uygun atılmalı.";evet;;;
V105;G8;Dedektör radyoaktif olduğu için hemen sökülüp atılmalı.;;kanitsiz;K6;"Kanıtlar dedektörün doğru kullanıldığında risk oluşturmadığını gösteriyor; dedektör hayat kurtarır."
V105;G8;Dedektördeki madde plütonyumdur.;;veri;K3;Belgedeki yarı ömür plütonyum-239'a değil, amerikyum-241'e ait.
V105;G8;"Radyasyon tamamen zararsızdır; kaynağı elle tutmakta da sakınca yok.";;veri;K6;"Kaynak kaplı olduğu için güvenlidir; kaplama açılmamalı ve kaynağa dokunulmamalıdır."
V106;G2;Hidrojen;evet;;;
V106;G2;Lityum;;birim;K5;"Lityumun çizgisi 671 nm (K4); ölçülen 656,3 ± 0,5 nm aralığının dışında. Renkleri benzer olsa da dalga boyları farklı."
V106;G2;Sodyum;;veri;K5;"Sodyumun çizgisi 589 nm (K4), turuncu-sarı renkte; ölçülen çizgiyle uyuşmuyor."
V106;G2;Potasyum;;veri;K5;"Potasyumun çizgisi 767 nm (K4); ölçülen çizgiyle uyuşmuyor."
V106;G3;K5 · Laboratuvar ölçümü: çizginin yeri;evet;;;
V106;G3;K3 · Periyodik tablo kaydı;;kanitsiz;K3;"Lityum da aynı grupta yer alıyor; bu kanıt onu elemez."
V106;G3;K1 · Spektrumdaki koyu çizgiler;;iliski;K1;Bu gözlem bütün elementler için geçerli: her element spektrumda çizgi oluşturur. Lityumu elemez.
V106;G4;Çekirdeğinde hidrojen çekirdeklerinin birleşerek helyuma dönüşmesinden (füzyon);evet;;;
V106;G4;Hidrojenin oksijenle yanmasından;;iliski;K2;"Güneş'te yanma yok; enerji çekirdeklerin birleşmesinden geliyor (K2)."
V106;G4;Güneş'in içindeki uranyumun bölünmesinden;;kanitsiz;K2;Kanıtlar Güneş'te çekirdeklerin bölünmesini değil, birleşmesini gösteriyor (K2).
V106;G4;Güneş'in yüzeyindeki koyu çizgilerden;;iliski;K1;"Koyu çizgiler ışığın soğurulduğu yerlerdir (K1); enerjinin kaynağı değildir."
V107;G2;Helyum;evet;;;
V107;G2;Neon;;veri;K5;Tabloya göre neon: −246 °C. Bu değer ölçüm aralığının (−272–−266) dışında kalıyor.
V107;G2;Argon;;veri;K5;Tabloya göre argon: −186 °C. Bu değer ölçüm aralığının (−272–−266) dışında kalıyor.
V107;G2;Kripton;;veri;K5;Tabloya göre kripton: −153 °C. Bu değer ölçüm aralığının (−272–−266) dışında kalıyor.
V107;G2;Ksenon;;veri;K5;Tabloya göre ksenon: −108 °C. Bu değer ölçüm aralığının (−272–−266) dışında kalıyor.
V107;G3;K5 · Laboratuvar ölçümü: kaynama noktası;evet;;;
V107;G3;K3 · Periyodik tablo kaydı;;kanitsiz;K3;"Neon da aynı grupta yer alıyor; bu kanıt onu elemez."
V107;G3;K1 · Gazın davranışı;;iliski;K1;"Bu gözlem neon için de geçerli olabilir; tek başına onu elemez."
V107;G4;Helyum yüksek basınçta bile sarhoşluk etkisi yapmaz, tepkimeye girmez ve çok hafiftir;evet;;;
V107;G4;Helyum yanıcı olduğu için dalgıcı ısıttığı için;;veri;K1;"Gaz hiçbir maddeyle kolay kolay tepkimeye girmiyor (K1); yanıcı değil."
V107;G4;Helyum dalgıçların sesini incelttiği için konuşmayı kolaylaştırdığı için;;iliski;K2;"Sesin incelmesi bir yan etkidir (K2); hatta konuşmayı zorlaştırır. Seçilme nedeni bu değil."
V107;G4;Helyum havadan ağır olduğu için dalgıcı dibe indirdiği için;;veri;K2;"Helyum çok hafif bir gazdır (K2); dalgıcı dibe indirmez."
V108;G2;Hidrojen;;veri;K5;Tabloya göre hidrojen: 0,000082 g/cm³. Bu değer ölçüm aralığının (0,51–0,55) dışında kalıyor.
V108;G2;Lityum;evet;;;
V108;G2;Sodyum;;veri;K5;Tabloya göre sodyum: 0,97 g/cm³. Bu değer ölçüm aralığının (0,51–0,55) dışında kalıyor.
V108;G2;Potasyum;;veri;K5;Tabloya göre potasyum: 0,89 g/cm³. Bu değer ölçüm aralığının (0,51–0,55) dışında kalıyor.
V108;G2;Rubidyum;;veri;K5;Tabloya göre rubidyum: 1,53 g/cm³. Bu değer ölçüm aralığının (0,51–0,55) dışında kalıyor.
V108;G2;Sezyum;;veri;K5;Tabloya göre sezyum: 1,87 g/cm³. Bu değer ölçüm aralığının (0,51–0,55) dışında kalıyor.
V108;G3;K5 · Laboratuvar ölçümü: yoğunluk;evet;;;
V108;G3;K3 · Periyodik tablo kaydı;;kanitsiz;K3;"Potasyum da aynı grupta yer alıyor; bu kanıt onu elemez."
V108;G3;K1 · Saf metalin özellikleri;;iliski;K1;"Bu gözlem potasyum için de geçerli olabilir; tek başına onu elemez."
V108;G4;Bilinen en hafif metal olduğu için alaşımı hafifletir ve sağlamlığını artırır;evet;;;
V108;G4;Lityum çok yoğun olduğu için uçağı rüzgâra karşı sabitlediği için;;veri;K5;"Ölçülen yoğunluk (K5) bütün adaylardan düşük; lityum en hafif metaldir."
V108;G4;Lityum suyla tepkimeye girdiği için uçağı yağmurdan koruduğu için;;iliski;K1;"Suyla tepkimeye girmek bir koruma sağlamaz; alaşımda lityum bu yüzden kullanılmıyor."
V108;G4;Lityum pillerde kullanıldığı için uçağa elektrik verdiği için;;iliski;K2;"Piller lityumun başka bir kullanım alanıdır (K2); gövde alaşımındaki görevi hafifletmek."
V109;G2;Oksijen;evet;;;
V109;G2;Kükürt;;veri;K5;Tabloya göre kükürt: 445 °C. Bu değer ölçüm aralığının (−188–−178) dışında kalıyor.
V109;G2;Selenyum;;veri;K5;Tabloya göre selenyum: 685 °C. Bu değer ölçüm aralığının (−188–−178) dışında kalıyor.
V109;G2;Tellür;;veri;K5;Tabloya göre tellür: 988 °C. Bu değer ölçüm aralığının (−188–−178) dışında kalıyor.
V109;G3;K5 · Laboratuvar ölçümü: kaynama noktası;evet;;;
V109;G3;K3 · Periyodik tablo kaydı;;kanitsiz;K3;"Kükürt de aynı grupta yer alıyor; bu kanıt onu elemez."
V109;G3;K1 · Elementin türü;;iliski;K1;"Bu gözlem kükürt için de geçerli olabilir; tek başına onu elemez."
V109;G4;Oksijen hem astronotların solunumu hem de yakıt hücrelerinin elektrik üretmesi için gerekliydi;evet;;;
V109;G4;Oksijen aracın dış kaplamasını soğuttuğu için;;kanitsiz;K2;"Kanıtlarda böyle bir görev yok; oksijen solunum ve elektrik için gerekliydi (K2)."
V109;G4;Oksijen aracı Ay'a doğru ittiği için;;kanitsiz;K2;Kanıtlar oksijenin solunum ve elektrik üretimi için kullanıldığını söylüyor (K2).
V109;G4;Oksijen bir metal olduğu için aracın gövdesini oluşturduğu için;;veri;K1;Oksijen bir ametaldir (K1).
V110;G2;Flor;evet;;;
V110;G2;Klor;;veri;K5;Tabloya göre klor: −34,0 °C. Bu değer ölçüm aralığının (−193–−183) dışında kalıyor.
V110;G2;Brom;;veri;K5;Tabloya göre brom: 58,8 °C. Bu değer ölçüm aralığının (−193–−183) dışında kalıyor.
V110;G2;İyot;;veri;K5;Tabloya göre iyot: 184 °C. Bu değer ölçüm aralığının (−193–−183) dışında kalıyor.
V110;G3;K5 · Laboratuvar ölçümü: kaynama noktası;evet;;;
V110;G3;K3 · Periyodik tablo kaydı;;kanitsiz;K3;"Klor da aynı grupta yer alıyor; bu kanıt onu elemez."
V110;G3;K1 · Elementin türü;;iliski;K1;"Bu gözlem klor için de geçerli olabilir; tek başına onu elemez."
V110;G4;"Karbon-flor bağları çok güçlüdür; yüzey neredeyse hiçbir maddeyle etkileşmez";evet;;;
V110;G4;Kaplama çok sıcak olduğu için yemekleri iter;;iliski;K2;Yapışmazlık sıcaklıktan değil, kaplamanın molekül yapısından gelir (K2).
V110;G4;Flor çok etkin olduğu için yemekleri yakar;;iliski;K2;"Flor tek başına çok etkindir (K1) ama karbonla bağlandığında bu bağlar çok kararlıdır (K2); kaplama yemekle tepkimeye girmez."
V110;G4;Kaplama suyu emdiği için;;kanitsiz;K2;"Kanıtlarda böyle bir bilgi yok; kaplama suyu iter."
V111;G2;Hidrojen;;veri;K5;Tabloya göre hidrojen: −259 °C. Bu değer ölçüm aralığının (95–101) dışında kalıyor.
V111;G2;Lityum;;veri;K5;Tabloya göre lityum: 180 °C. Bu değer ölçüm aralığının (95–101) dışında kalıyor.
V111;G2;Sodyum;evet;;;
V111;G2;Potasyum;;veri;K5;Tabloya göre potasyum: 63,5 °C. Bu değer ölçüm aralığının (95–101) dışında kalıyor.
V111;G2;Rubidyum;;veri;K5;Tabloya göre rubidyum: 39,3 °C. Bu değer ölçüm aralığının (95–101) dışında kalıyor.
V111;G2;Sezyum;;veri;K5;Tabloya göre sezyum: 28,5 °C. Bu değer ölçüm aralığının (95–101) dışında kalıyor.
V111;G3;K5 · Laboratuvar ölçümü: erime noktası;evet;;;
V111;G3;K3 · Periyodik tablo kaydı;;kanitsiz;K3;"Potasyum da aynı grupta yer alıyor; bu kanıt onu elemez."
V111;G3;K1 · Metalin davranışı;;iliski;K1;"Bu gözlem potasyum için de geçerli olabilir; tek başına onu elemez."
V111;G4;Geniş bir sıcaklık aralığında (yaklaşık 98–883 °C) sıvı kalır ve ısıyı çok iyi iletir;evet;;;
V111;G4;Sodyum suyla tepkimeye girmediği için güvenli olduğu için;;veri;K1;"Sodyum suyla şiddetli tepkimeye girer (K1); bu yüzden reaktörde sudan ayrı tutulmalıdır."
V111;G4;Sodyum oda sıcaklığında sıvı olduğu için;;veri;K5;"Sodyum yaklaşık 98 °C'de erir (K5); oda sıcaklığında katıdır."
V111;G4;Sodyum nötronları çok iyi yutup tepkimeyi durdurduğu için;;kanitsiz;K2;Kanıtlar sodyumun ısı taşıma özelliğini anlatıyor (K2).
V112;G2;Berilyum;;veri;K5;Tabloya göre berilyum: 1,85 g/cm³. Bu değer ölçüm aralığının (1,71–1,77) dışında kalıyor.
V112;G2;Magnezyum;evet;;;
V112;G2;Kalsiyum;;veri;K5;Tabloya göre kalsiyum: 1,54 g/cm³. Bu değer ölçüm aralığının (1,71–1,77) dışında kalıyor.
V112;G2;Stronsiyum;;veri;K5;Tabloya göre stronsiyum: 2,64 g/cm³. Bu değer ölçüm aralığının (1,71–1,77) dışında kalıyor.
V112;G2;Baryum;;veri;K5;Tabloya göre baryum: 3,62 g/cm³. Bu değer ölçüm aralığının (1,71–1,77) dışında kalıyor.
V112;G3;K5 · Laboratuvar ölçümü: yoğunluk;evet;;;
V112;G3;K3 · Periyodik tablo kaydı;;kanitsiz;K3;"Berilyum da aynı grupta yer alıyor; bu kanıt onu elemez."
V112;G3;K1 · Kasanın görünüşü;;iliski;K1;"Bu gözlem berilyum için de geçerli olabilir; tek başına onu elemez."
V112;G4;Çok düşük yoğunluklu olduğu için kasayı hafifletirken yeterince sağlam olması;evet;;;
V112;G4;Mıknatısa çekildiği için;;veri;K2;Kasa parçası mıknatısa çekilmedi (K2).
V112;G4;Elektriği hiç iletmediği için;;iliski;K1;"Magnezyum bir metaldir ve elektriği iletir; kasa seçiminin nedeni hafifliğidir."
V112;G4;Yoğunluğu çok yüksek olduğu için;;veri;K5;Ölçülen yoğunluk (K5) tablodaki metallerin çoğundan düşük.
V113;G2;Bor;;veri;K5;Tabloya göre bor: 2,34 g/cm³. Bu değer ölçüm aralığının (2,6–2,8) dışında kalıyor.
V113;G2;Alüminyum;evet;;;
V113;G2;Galyum;;veri;K5;Tabloya göre galyum: 5,91 g/cm³. Bu değer ölçüm aralığının (2,6–2,8) dışında kalıyor.
V113;G2;İndiyum;;veri;K5;Tabloya göre indiyum: 7,31 g/cm³. Bu değer ölçüm aralığının (2,6–2,8) dışında kalıyor.
V113;G2;Talyum;;veri;K5;Tabloya göre talyum: 11,80 g/cm³. Bu değer ölçüm aralığının (2,6–2,8) dışında kalıyor.
V113;G3;K5 · Laboratuvar ölçümü: yoğunluk;evet;;;
V113;G3;K3 · Periyodik tablo kaydı;;kanitsiz;K3;"Bor da aynı grupta yer alıyor; bu kanıt onu elemez."
V113;G3;K1 · Doğadaki hâli;;iliski;K1;"Bu gözlem bor için de geçerli olabilir; tek başına onu elemez."
V113;G4;"Alüminyumu cevherinden ayırmak çok fazla elektrik gerektirir; hazır metali eritmek için çok daha az enerji yeter";evet;;;
V113;G4;Alüminyum geri dönüşümde hiç eritilmediği için;;kanitsiz;K2;Kutular eritilerek yeniden kullanılıyor (hikâye).
V113;G4;Alüminyum doğada saf hâlde bol bulunduğu için;;veri;K1;"Alüminyum doğada saf hâlde neredeyse hiç bulunmaz (K1); bileşiklerinden ayrılması çok enerji ister."
V113;G4;Alüminyum çok ağır olduğu için taşınması pahalı olduğu için;;veri;K5;"Ölçülen yoğunluk (K5) düşük; alüminyum hafif bir metaldir."
V114;G2;Karbon;;birim;K5;Tabloya göre karbon: 2,2 (grafit) g/cm³. Bu değer ölçüm aralığının (2,28–2,38) dışında kalıyor. Ölçümün ± payını hesaba kat.
V114;G2;Silisyum;evet;;;
V114;G2;Germanyum;;veri;K5;Tabloya göre germanyum: 5,32 g/cm³. Bu değer ölçüm aralığının (2,28–2,38) dışında kalıyor.
V114;G2;Kalay;;veri;K5;Tabloya göre kalay: 7,29 g/cm³. Bu değer ölçüm aralığının (2,28–2,38) dışında kalıyor.
V114;G2;Kurşun;;veri;K5;Tabloya göre kurşun: 11,30 g/cm³. Bu değer ölçüm aralığının (2,28–2,38) dışında kalıyor.
V114;G3;K5 · Laboratuvar ölçümü: yoğunluk;evet;;;
V114;G3;K3 · Periyodik tablo kaydı;;kanitsiz;K3;"Karbon da aynı grupta yer alıyor; bu kanıt onu elemez."
V114;G3;K1 · Dev ağ yapısı;;iliski;K1;"Bu gözlem karbon için de geçerli olabilir; tek başına onu elemez."
V114;G4;Kumdaki silisyum dioksit eriyip soğuyunca düzenli kristaller oluşturmadan saydam ve sert bir katıya, yani cama dönüşür;evet;;;
V114;G4;Kum metal olduğu için cama parlaklık verdiği için;;veri;K2;"Kumun elementi bir metal değil; parlaklık camın saydamlığından gelir."
V114;G4;Kum çok düşük sıcaklıkta eridiği için;;veri;K2;Cam ustası kumu 1500 °C'nin üzerinde eritiyor (hikâye).
V114;G4;Kum suda çözündüğü için camı yumuşattığı için;;kanitsiz;K2;"Kum suda çözünmez; kanıtlar erimiş kumun soğuyunca cama dönüştüğünü söylüyor (K2)."
V115;G2;Azot;;veri;K5;Tabloya göre azot: 0,001145 g/cm³. Bu değer ölçüm aralığının (1,77–1,87) dışında kalıyor.
V115;G2;Fosfor;evet;;;
V115;G2;Arsenik;;veri;K5;Tabloya göre arsenik: 5,75 g/cm³. Bu değer ölçüm aralığının (1,77–1,87) dışında kalıyor.
V115;G2;Antimon;;veri;K5;Tabloya göre antimon: 6,68 g/cm³. Bu değer ölçüm aralığının (1,77–1,87) dışında kalıyor.
V115;G2;Bizmut;;veri;K5;Tabloya göre bizmut: 9,79 g/cm³. Bu değer ölçüm aralığının (1,77–1,87) dışında kalıyor.
V115;G3;K5 · Laboratuvar ölçümü: yoğunluk;evet;;;
V115;G3;K3 · Periyodik tablo kaydı;;kanitsiz;K3;"Azot da aynı grupta yer alıyor; bu kanıt onu elemez."
V115;G3;K1 · Elementin türü;;iliski;K1;"Bu gözlem azot için de geçerli olabilir; tek başına onu elemez."
V115;G4;Beyaz fosfor havadaki oksijenle yavaşça tepkimeye girerken ışık yayar;evet;;;
V115;G4;Madde radyoaktif olduğu için;;kanitsiz;K2;Fosforun parlaması radyoaktiflikten değil, oksijenle verdiği tepkimeden gelir.
V115;G4;Madde gün ışığını depoladığı için;;kanitsiz;K2;"Kanıtlarda böyle bir bilgi yok; madde havayla tepkimeye girerek parlıyor."
V115;G4;Madde idrardan geldiği için;;iliski;K1;Maddenin nereden elde edildiği, neden parladığını açıklamaz.
V116;G2;Oksijen;;veri;K5;Tabloya göre oksijen: 0,001308 g/cm³. Bu değer ölçüm aralığının (2,0–2,2) dışında kalıyor.
V116;G2;Kükürt;evet;;;
V116;G2;Selenyum;;veri;K5;Tabloya göre selenyum: 4,81 g/cm³. Bu değer ölçüm aralığının (2,0–2,2) dışında kalıyor.
V116;G2;Tellür;;veri;K5;Tabloya göre tellür: 6,23 g/cm³. Bu değer ölçüm aralığının (2,0–2,2) dışında kalıyor.
V116;G3;K5 · Laboratuvar ölçümü: yoğunluk;evet;;;
V116;G3;K3 · Periyodik tablo kaydı;;kanitsiz;K3;"Oksijen de aynı grupta yer alıyor; bu kanıt onu elemez."
V116;G3;K1 · Elementin türü;;iliski;K1;"Bu gözlem oksijen için de geçerli olabilir; tek başına onu elemez."
V116;G4;Kükürt atomları kauçuk zincirleri arasında köprüler kurarak malzemeyi sağlam, esnek ve sıcağa-soğuğa dayanıklı yapar;evet;;;
V116;G4;Kükürt kauçuğu sarıya boyadığı için;;iliski;K2;"Renk önemli değil; kükürdün etkisi kauçuğun yapısını değiştirmesidir (K2)."
V116;G4;Kükürt kauçuğu eritip sıvı hâlde tuttuğu için;;veri;K2;İşlemden sonra malzeme katı ve sağlam kalıyor (K2).
V116;G4;Kükürt bir metal olduğu için lastiği sertleştirdiği için;;veri;K1;Kükürt bir ametaldir (K1).
V117;G2;Hidrojen;;veri;K5;Tabloya göre hidrojen: 0,000082 g/cm³. Bu değer ölçüm aralığının (0,86–0,92) dışında kalıyor.
V117;G2;Lityum;;veri;K5;Tabloya göre lityum: 0,53 g/cm³. Bu değer ölçüm aralığının (0,86–0,92) dışında kalıyor.
V117;G2;Sodyum;;birim;K5;Tabloya göre sodyum: 0,97 g/cm³. Bu değer ölçüm aralığının (0,86–0,92) dışında kalıyor. Ölçümün ± payını hesaba kat.
V117;G2;Potasyum;evet;;;
V117;G2;Rubidyum;;veri;K5;Tabloya göre rubidyum: 1,53 g/cm³. Bu değer ölçüm aralığının (0,86–0,92) dışında kalıyor.
V117;G2;Sezyum;;veri;K5;Tabloya göre sezyum: 1,87 g/cm³. Bu değer ölçüm aralığının (0,86–0,92) dışında kalıyor.
V117;G3;K5 · Laboratuvar ölçümü: yoğunluk;evet;;;
V117;G3;K3 · Periyodik tablo kaydı;;kanitsiz;K3;"Sodyum da aynı grupta yer alıyor; bu kanıt onu elemez."
V117;G3;K1 · Metalin görünüşü;;iliski;K1;"Bu gözlem sodyum için de geçerli olabilir; tek başına onu elemez."
V117;G4;"Potasyum suyla şiddetli tepkimeye girip hidrojen gazı ve ısı açığa çıkarır; ısı hidrojeni tutuşturur";evet;;;
V117;G4;Su potasyumu yakan bir yakıt olduğu için;;iliski;K2;"Su bir yakıt değildir; alev, tepkimede oluşan hidrojenin yanmasıdır."
V117;G4;Potasyum havadan ağır olduğu için suya batıp ısındığı için;;veri;K2;Parça suya batmadı, üzerinde yüzdü (K2).
V117;G4;Gazyağı potasyumun üzerinde kalıp yandığı için;;kanitsiz;K2;"Alevin gazyağından geldiğine dair bir kanıt yok; lila renk potasyumdan geliyor."
V118;G2;Berilyum;;veri;K5;Tabloya göre berilyum: 1,85 g/cm³. Bu değer ölçüm aralığının (1,49–1,59) dışında kalıyor.
V118;G2;Magnezyum;;veri;K5;Tabloya göre magnezyum: 1,74 g/cm³. Bu değer ölçüm aralığının (1,49–1,59) dışında kalıyor.
V118;G2;Kalsiyum;evet;;;
V118;G2;Stronsiyum;;veri;K5;Tabloya göre stronsiyum: 2,64 g/cm³. Bu değer ölçüm aralığının (1,49–1,59) dışında kalıyor.
V118;G2;Baryum;;veri;K5;Tabloya göre baryum: 3,62 g/cm³. Bu değer ölçüm aralığının (1,49–1,59) dışında kalıyor.
V118;G3;K5 · Laboratuvar ölçümü: yoğunluk;evet;;;
V118;G3;K3 · Periyodik tablo kaydı;;kanitsiz;K3;"Magnezyum da aynı grupta yer alıyor; bu kanıt onu elemez."
V118;G3;K1 · Elementin türü;;iliski;K1;"Bu gözlem magnezyum için de geçerli olabilir; tek başına onu elemez."
V118;G4;Kalsiyum hidroksit havadaki karbondioksitle tepkimeye girip sert kalsiyum karbonata (kireç taşına) dönüşür;evet;;;
V118;G4;Harç kuruyunca suyu buz gibi donduğu için;;iliski;K2;Harcın sertleşmesi donmadan değil, bir kimyasal tepkimeden kaynaklanır (K2).
V118;G4;Harçtaki kalsiyum metali paslandığı için;;veri;K2;Harçta kalsiyum metal olarak değil, hidroksiti olarak bulunur (K2).
V118;G4;Harç havadaki oksijeni emdiği için;;veri;K2;Harcın emdiği gaz karbondioksit (K2).
V119;G2;Titanyum;evet;;;
V119;G2;Zirkonyum;;veri;K5;Tabloya göre zirkonyum: 6,52 g/cm³. Bu değer ölçüm aralığının (4,3–4,7) dışında kalıyor.
V119;G2;Hafniyum;;veri;K5;Tabloya göre hafniyum: 13,30 g/cm³. Bu değer ölçüm aralığının (4,3–4,7) dışında kalıyor.
V119;G3;K5 · Laboratuvar ölçümü: yoğunluk;evet;;;
V119;G3;K3 · Periyodik tablo kaydı;;kanitsiz;K3;"Zirkonyum da aynı grupta yer alıyor; bu kanıt onu elemez."
V119;G3;K1 · Metalin görünüşü;;iliski;K1;"Bu gözlem zirkonyum için de geçerli olabilir; tek başına onu elemez."
V119;G4;Hafif, sağlam ve korozyona çok dayanıklı olduğu için ince levhalar bile yıllarca bozulmaz;evet;;;
V119;G4;Titanyum çok yoğun olduğu için binayı depreme karşı sağlamlaştırdığı için;;veri;K5;"Ölçülen yoğunluk (K5) düşük; titanyum hafif bir metaldir."
V119;G4;Titanyum elektriği hiç iletmediği için yıldırımdan koruduğu için;;veri;K1;Metal elektriği iletiyor (K1).
V119;G4;Titanyum yağmur suyuyla tepkimeye girip parlaklaştığı için;;kanitsiz;K2;"Levhalar yağmura rağmen değişmiyor (K2); suyla tepkimeye girdiğine dair bir kanıt yok."
V120;G2;Vanadyum;evet;;;
V120;G2;Niyobyum;;veri;K5;Tabloya göre niyobyum: 8,57 g/cm³. Bu değer ölçüm aralığının (5,7–6,3) dışında kalıyor.
V120;G2;Tantal;;veri;K5;Tabloya göre tantal: 16,40 g/cm³. Bu değer ölçüm aralığının (5,7–6,3) dışında kalıyor.
V120;G3;K5 · Laboratuvar ölçümü: yoğunluk;evet;;;
V120;G3;K3 · Periyodik tablo kaydı;;kanitsiz;K3;"Niyobyum da aynı grupta yer alıyor; bu kanıt onu elemez."
V120;G3;K1 · Metalin görünüşü;;iliski;K1;"Bu gözlem niyobyum için de geçerli olabilir; tek başına onu elemez."
V120;G4;"Az miktarda vanadyum çeliği darbeye ve titreşime karşı çok daha dayanıklı yapar; parçalar hafif ama sağlam olur";evet;;;
V120;G4;Vanadyum çeliği paslanmaz yaptığı için;;kanitsiz;K2;"Kanıtlar vanadyumun çeliği darbeye dayanıklı yaptığını söylüyor (K2); paslanmazlıktan söz etmiyor."
V120;G4;Vanadyum çeliği yumuşattığı için kolay şekil verildiği için;;veri;K2;Vanadyum çeliği yumuşatmıyor, sağlamlaştırıyor (K2).
V120;G4;Vanadyum çok ucuz olduğu için çeliğin yerine kullanıldığı için;;veri;K2;Vanadyum çeliğin yerine değil, çeliğe çok az miktarda katılıyor (K2).
V121;G2;Krom;evet;;;
V121;G2;Molibden;;veri;K5;Tabloya göre molibden: 10,20 g/cm³. Bu değer ölçüm aralığının (6,9–7,5) dışında kalıyor.
V121;G2;Tungsten;;veri;K5;Tabloya göre tungsten: 19,30 g/cm³. Bu değer ölçüm aralığının (6,9–7,5) dışında kalıyor.
V121;G3;K5 · Laboratuvar ölçümü: yoğunluk;evet;;;
V121;G3;K3 · Periyodik tablo kaydı;;kanitsiz;K3;"Molibden de aynı grupta yer alıyor; bu kanıt onu elemez."
V121;G3;K1 · Metalin özellikleri;;iliski;K1;"Bu gözlem molibden için de geçerli olabilir; tek başına onu elemez."
V121;G4;Ayna gibi parlak, sert ve korozyona dayanıklı bir yüzey oluşturduğu için;evet;;;
V121;G4;Kromun mıknatıs olması parçaları birbirine tutturduğu için;;iliski;K2;Kaplamanın görevi parçaları tutturmak değil, yüzeyi korumak ve parlatmak (K2).
V121;G4;Krom çok yumuşak olduğu için darbeleri emdiği için;;veri;K1;Krom çok sert bir metaldir (K1).
V121;G4;Krom kaplama parçaları ağırlaştırarak sağlamlaştırdığı için;;iliski;K2;"Kaplama çok ince; ağırlığın bir etkisi yok. Önemli olan yüzeyin sertliği ve parlaklığı."
V122;G2;Mangan;evet;;;
V122;G2;Renyum;;veri;K5;Tabloya göre renyum: 20,80 g/cm³. Bu değer ölçüm aralığının (7,0–7,6) dışında kalıyor.
V122;G3;K5 · Laboratuvar ölçümü: yoğunluk;evet;;;
V122;G3;K3 · Periyodik tablo kaydı;;kanitsiz;K3;"Renyum da aynı grupta yer alıyor; bu kanıt onu elemez."
V122;G3;K1 · Metalin görünüşü;;iliski;K1;"Bu gözlem renyum için de geçerli olabilir; tek başına onu elemez."
V122;G4;"Darbe aldıkça yüzeyi sertleşir; böylece sürekli çarpmaya ve aşınmaya dayanır";evet;;;
V122;G4;Mangan çeliği hafiflettiği için trenler daha hızlı geçebildiği için;;kanitsiz;K2;"Kanıtlar manganın çeliği darbeyle sertleştirdiğini söylüyor (K2); hafiflikten söz etmiyor."
V122;G4;Mangan çeliği yumuşatarak darbeleri emdiği için;;veri;K2;Çeliğin yüzeyi darbelerle yumuşamıyor, sertleşiyor (K2).
V122;G4;Mangan pillerde kullanıldığı için raylara elektrik verdiği için;;iliski;K2;"Piller manganın başka bir kullanım alanıdır; raydaki görevi darbeye dayanıklılık (K2)."
V123;G2;Kobalt;evet;;;
V123;G2;Rodyum;;veri;K5;Tabloya göre rodyum: 12,40 g/cm³. Bu değer ölçüm aralığının (8,6–9,2) dışında kalıyor.
V123;G2;İridyum;;veri;K5;Tabloya göre iridyum: 22,56 g/cm³. Bu değer ölçüm aralığının (8,6–9,2) dışında kalıyor.
V123;G3;K5 · Laboratuvar ölçümü: yoğunluk;evet;;;
V123;G3;K3 · Periyodik tablo kaydı;;kanitsiz;K3;"Rodyum da aynı grupta yer alıyor; bu kanıt onu elemez."
V123;G3;K1 · Elementin türü;;iliski;K1;"Bu gözlem rodyum için de geçerli olabilir; tek başına onu elemez."
V123;G4;"B12 vitamininin merkezinde bulunur; bu vitamin kan hücrelerinin yapımı ve sinir sistemi için gereklidir";evet;;;
V123;G4;Kemiklerin ana yapı taşıdır;;iliski;K2;"Kemiklerin ana yapı taşı kalsiyumdur; kobalt B12 vitamininin merkezinde bulunur (K2)."
V123;G4;Kanın oksijen taşıyan molekülünün merkezindedir;;iliski;K2;"Oksijen taşıyan hemoglobinin merkezinde demir bulunur; kobalt B12'nin merkezindedir (K2)."
V123;G4;Vücuda radyasyon koruması sağlar;;kanitsiz;K2;Kanıtlarda böyle bir görev yok.
V124;G2;Nikel;evet;;;
V124;G2;Paladyum;;veri;K5;Tabloya göre paladyum: 12,00 g/cm³. Bu değer ölçüm aralığının (8,6–9,2) dışında kalıyor.
V124;G2;Platin;;veri;K5;Tabloya göre platin: 21,50 g/cm³. Bu değer ölçüm aralığının (8,6–9,2) dışında kalıyor.
V124;G3;K5 · Laboratuvar ölçümü: yoğunluk;evet;;;
V124;G3;K3 · Periyodik tablo kaydı;;kanitsiz;K3;"Paladyum da aynı grupta yer alıyor; bu kanıt onu elemez."
V124;G3;K1 · Metalin görünüşü;;iliski;K1;"Bu gözlem paladyum için de geçerli olabilir; tek başına onu elemez."
V124;G4;"Sert, aşınmaya ve paslanmaya dayanıklıdır; mıknatıs özelliği de otomatların sahte paraları ayırt etmesine yardım eder";evet;;;
V124;G4;Nikel çok yumuşak olduğu için paralara kolay basıldığı için;;kanitsiz;K1;"Nikel sert bir metaldir; kanıtlarda yumuşaklıktan söz edilmiyor."
V124;G4;Nikel hiç mıknatısa çekilmediği için;;veri;K2;Nikel mıknatısa çekiliyor (K2).
V124;G4;Nikel paraları daha hafif yaptığı için;;kanitsiz;K5;"Kanıtlarda böyle bir bilgi yok; ölçülen yoğunluk (K5) düşük değil."
V125;G2;Bakır;evet;;;
V125;G2;Gümüş;;veri;K5;Tabloya göre gümüş: 10,50 g/cm³. Bu değer ölçüm aralığının (8,7–9,3) dışında kalıyor.
V125;G2;Altın;;veri;K5;Tabloya göre altın: 19,30 g/cm³. Bu değer ölçüm aralığının (8,7–9,3) dışında kalıyor.
V125;G3;K5 · Laboratuvar ölçümü: yoğunluk;evet;;;
V125;G3;K3 · Periyodik tablo kaydı;;kanitsiz;K3;"Gümüş de aynı grupta yer alıyor; bu kanıt onu elemez."
V125;G3;K1 · İletkenlik;;iliski;K1;"Bu gözlem gümüş için de geçerli olabilir; tek başına onu elemez."
V125;G4;"Bakır yüzeyler üzerlerindeki bakterileri kısa sürede öldürür; mikropların dokunmayla yayılması azalır";evet;;;
V125;G4;Bakır elektriği iyi ilettiği için mikropları elektrikle öldürdüğü için;;iliski;K1;"İletkenlik (K1) mikropları öldürmeyi açıklamaz; etkiyi bakır iyonları yapar."
V125;G4;Bakır kolları temizlemek daha kolay olduğu için;;kanitsiz;K2;"Deneyde kollar aynı biçimde kullanıldı; fark metalin kendisinden geliyor (K2)."
V125;G4;Bakır kızıl renkli olduğu için mikroplar ona konmadığı için;;iliski;K2;"Renk mikropları etkilemez; etki bakırın kimyasal özelliğinden gelir."
V126;G2;Çinko;evet;;;
V126;G2;Kadmiyum;;veri;K5;Tabloya göre kadmiyum: 8,69 g/cm³. Bu değer ölçüm aralığının (6,8–7,4) dışında kalıyor.
V126;G2;Cıva;;veri;K5;Tabloya göre cıva: 13,53 g/cm³. Bu değer ölçüm aralığının (6,8–7,4) dışında kalıyor.
V126;G3;K5 · Laboratuvar ölçümü: yoğunluk;evet;;;
V126;G3;K3 · Periyodik tablo kaydı;;kanitsiz;K3;"Kadmiyum da aynı grupta yer alıyor; bu kanıt onu elemez."
V126;G3;K1 · Metalin görünüşü;;iliski;K1;"Bu gözlem kadmiyum için de geçerli olabilir; tek başına onu elemez."
V126;G4;Bakırdan daha sert, kolay işlenen, korozyona dayanıklı ve altına benzeyen parlak sarı bir alaşımdır;evet;;;
V126;G4;Pirinç saf altın olduğu için;;veri;K2;"Pirinç bakır ile başka bir metalin alaşımıdır (K2); altın değildir."
V126;G4;Çinko mavimsi beyaz olduğu için pirinci beyaz yaptığı için;;veri;K2;Pirinç sarı renklidir (K2).
V126;G4;Pirinç elektriği hiç iletmediği için;;kanitsiz;K2;"Pirinç bir metal alaşımıdır ve elektriği iletir; kanıtlarda tersi yok."
V127;G2;Bor;;veri;K5;Tabloya göre bor: 2,34 g/cm³. Bu değer ölçüm aralığının (5,7–6,1) dışında kalıyor.
V127;G2;Alüminyum;;veri;K5;Tabloya göre alüminyum: 2,70 g/cm³. Bu değer ölçüm aralığının (5,7–6,1) dışında kalıyor.
V127;G2;Galyum;evet;;;
V127;G2;İndiyum;;veri;K5;Tabloya göre indiyum: 7,31 g/cm³. Bu değer ölçüm aralığının (5,7–6,1) dışında kalıyor.
V127;G2;Talyum;;veri;K5;Tabloya göre talyum: 11,80 g/cm³. Bu değer ölçüm aralığının (5,7–6,1) dışında kalıyor.
V127;G3;K5 · Laboratuvar ölçümü: yoğunluk;evet;;;
V127;G3;K3 · Periyodik tablo kaydı;;kanitsiz;K3;"İndiyum da aynı grupta yer alıyor; bu kanıt onu elemez."
V127;G3;K1 · Metalin görünüşü;;iliski;K1;"Bu gözlem indiyum için de geçerli olabilir; tek başına onu elemez."
V127;G4;"Verimli mavi ışık yayar; mavi LED'ler sayesinde az enerji harcayan beyaz LED ampuller yapılabildi";evet;;;
V127;G4;Galyum nitrür elektriği hiç iletmediği için;;veri;K2;"Bileşik bir yarı iletken; içinden akım geçince ışık yayıyor (K2)."
V127;G4;Galyum nitrür kırmızı ışık yaydığı için;;veri;K2;Bileşik mavi ışık yayıyor (K2).
V127;G4;Galyum avuçta eridiği için LED'i soğuttuğu için;;iliski;K2;"Galyumun düşük erime noktası LED'deki görevini açıklamaz; ışığı bileşiği yayar (K2)."
V128;G2;Azot;;veri;K5;Tabloya göre azot: 0,001145 g/cm³. Bu değer ölçüm aralığının (5,5–6,0) dışında kalıyor.
V128;G2;Fosfor;;veri;K5;Tabloya göre fosfor: 1,82 g/cm³. Bu değer ölçüm aralığının (5,5–6,0) dışında kalıyor.
V128;G2;Arsenik;evet;;;
V128;G2;Antimon;;veri;K5;Tabloya göre antimon: 6,68 g/cm³. Bu değer ölçüm aralığının (5,5–6,0) dışında kalıyor.
V128;G2;Bizmut;;veri;K5;Tabloya göre bizmut: 9,79 g/cm³. Bu değer ölçüm aralığının (5,5–6,0) dışında kalıyor.
V128;G3;K5 · Laboratuvar ölçümü: yoğunluk;evet;;;
V128;G3;K3 · Periyodik tablo kaydı;;kanitsiz;K3;"Antimon da aynı grupta yer alıyor; bu kanıt onu elemez."
V128;G3;K1 · Elementin türü;;iliski;K1;"Bu gözlem antimon için de geçerli olabilir; tek başına onu elemez."
V128;G4;"Arsenik bileşikleri çok zehirlidir; boyadan yayılan toz ve gazlar insan sağlığını tehdit ediyordu";evet;;;
V128;G4;Boya güneşte hızla solduğu için;;kanitsiz;K2;"Kanıtlar boyanın zehirliliğini anlatıyor (K2); solmasından söz etmiyor."
V128;G4;Arsenik bir metal olduğu için boya paslandığı için;;veri;K1;"Arsenik bir yarı metaldir (K1); boyanın terk edilme nedeni zehirliliği."
V128;G4;Boya çok pahalı olduğu için;;kanitsiz;K2;"Boya 1800'lerde çok sevilen ve yaygın bir boyaydı (K2); terk edilme nedeni sağlık."
V129;G2;Oksijen;;veri;K5;Tabloya göre oksijen: 0,001308 g/cm³. Bu değer ölçüm aralığının (4,6–5,0) dışında kalıyor.
V129;G2;Kükürt;;veri;K5;Tabloya göre kükürt: 2,07 g/cm³. Bu değer ölçüm aralığının (4,6–5,0) dışında kalıyor.
V129;G2;Selenyum;evet;;;
V129;G2;Tellür;;veri;K5;Tabloya göre tellür: 6,23 g/cm³. Bu değer ölçüm aralığının (4,6–5,0) dışında kalıyor.
V129;G3;K5 · Laboratuvar ölçümü: yoğunluk;evet;;;
V129;G3;K3 · Periyodik tablo kaydı;;kanitsiz;K3;"Tellür de aynı grupta yer alıyor; bu kanıt onu elemez."
V129;G3;K1 · Elementin türü;;iliski;K1;"Bu gözlem tellür için de geçerli olabilir; tek başına onu elemez."
V129;G4;"Kepeğe yol açan mantarlar için zehirlidir; mantarın çoğalmasını yavaşlatır";evet;;;
V129;G4;Saçı boyadığı için;;kanitsiz;K2;"Kanıtlar maddenin mantarları etkilediğini söylüyor (K2); boyamadan söz etmiyor."
V129;G4;Elektriği çok iyi ilettiği için saçtaki elektriği aldığı için;;veri;K1;Element elektriği metaller kadar iyi iletmiyor (K1).
V129;G4;Saç derisini kurutarak kepeği döktüğü için;;kanitsiz;K2;"Kanıtlarda böyle bir bilgi yok; etki mantarlar üzerinde (K2)."
V130;G2;Flor;;veri;K5;Tabloya göre flor: 0,001553 g/cm³. Bu değer ölçüm aralığının (3,0–3,2) dışında kalıyor.
V130;G2;Klor;;veri;K5;Tabloya göre klor: 0,002898 g/cm³. Bu değer ölçüm aralığının (3,0–3,2) dışında kalıyor.
V130;G2;Brom;evet;;;
V130;G2;İyot;;veri;K5;Tabloya göre iyot: 4,93 g/cm³. Bu değer ölçüm aralığının (3,0–3,2) dışında kalıyor.
V130;G3;K5 · Laboratuvar ölçümü: yoğunluk;evet;;;
V130;G3;K3 · Periyodik tablo kaydı;;kanitsiz;K3;"Klor da aynı grupta yer alıyor; bu kanıt onu elemez."
V130;G3;K1 · Elementin türü;;iliski;K1;"Bu gözlem klor için de geçerli olabilir; tek başına onu elemez."
V130;G4;Isınınca alevdeki tepkimeleri yavaşlatarak plastiğin tutuşmasını geciktirirler;evet;;;
V130;G4;Plastiği kırmızıya boyadıkları için;;iliski;K2;Brom koyu kırmızı-kahverengi bir sıvıdır (K2) ama plastiğe katılan bileşiklerin görevi rengi değil, yangını geciktirmek.
V130;G4;Plastiği daha iyi elektrik iletken yaptıkları için;;kanitsiz;K1;Kanıtlarda böyle bir bilgi yok.
V130;G4;Brom yanıcı bir yakıt olduğu için plastiği ısıttığı için;;kanitsiz;K1;Bromlu bileşikler yanmayı hızlandırmaz, geciktirir.
V131;G2;Helyum;;veri;K5;Tabloya göre helyum: −269 °C. Bu değer ölçüm aralığının (−158–−148) dışında kalıyor.
V131;G2;Neon;;veri;K5;Tabloya göre neon: −246 °C. Bu değer ölçüm aralığının (−158–−148) dışında kalıyor.
V131;G2;Argon;;veri;K5;Tabloya göre argon: −186 °C. Bu değer ölçüm aralığının (−158–−148) dışında kalıyor.
V131;G2;Kripton;evet;;;
V131;G2;Ksenon;;veri;K5;Tabloya göre ksenon: −108 °C. Bu değer ölçüm aralığının (−158–−148) dışında kalıyor.
V131;G3;K5 · Laboratuvar ölçümü: kaynama noktası;evet;;;
V131;G3;K3 · Periyodik tablo kaydı;;kanitsiz;K3;"Argon da aynı grupta yer alıyor; bu kanıt onu elemez."
V131;G3;K1 · Gazın davranışı;;iliski;K1;"Bu gözlem argon için de geçerli olabilir; tek başına onu elemez."
V131;G4;"Aynı izotopun atomları her yerde aynı dalga boyunda ışık yayar; tanım her laboratuvarda yeniden üretilebilir ve değişmez";evet;;;
V131;G4;Kripton çubuktan daha ucuz olduğu için;;kanitsiz;K2;"Kanıtlar tanımın değişmezliğiyle ilgili; fiyattan söz etmiyor."
V131;G4;Işık çubuktan daha ağır olduğu için;;iliski;K2;"Işığın ağırlığı yoktur; önemli olan dalga boyunun her yerde aynı olması."
V131;G4;Kripton tepkimeye girdiği için çubuğu aşındırdığı için;;veri;K1;Kripton neredeyse hiç tepkimeye girmez (K1).
V132;G2;Berilyum;;veri;K5;Tabloya göre berilyum: 1,85 g/cm³. Bu değer ölçüm aralığının (2,5–2,7) dışında kalıyor.
V132;G2;Magnezyum;;veri;K5;Tabloya göre magnezyum: 1,74 g/cm³. Bu değer ölçüm aralığının (2,5–2,7) dışında kalıyor.
V132;G2;Kalsiyum;;veri;K5;Tabloya göre kalsiyum: 1,54 g/cm³. Bu değer ölçüm aralığının (2,5–2,7) dışında kalıyor.
V132;G2;Stronsiyum;evet;;;
V132;G2;Baryum;;veri;K5;Tabloya göre baryum: 3,62 g/cm³. Bu değer ölçüm aralığının (2,5–2,7) dışında kalıyor.
V132;G3;K5 · Laboratuvar ölçümü: yoğunluk;evet;;;
V132;G3;K3 · Periyodik tablo kaydı;;kanitsiz;K3;"Berilyum da aynı grupta yer alıyor; bu kanıt onu elemez."
V132;G3;K1 · Elementin türü;;iliski;K1;"Bu gözlem berilyum için de geçerli olabilir; tek başına onu elemez."
V132;G4;Işığı soğurup enerjisini saatlerce yavaş yavaş ışık olarak geri verir ve radyoaktif değildir;evet;;;
V132;G4;Radyoaktif olduğu için kendiliğinden parladığı için;;veri;K2;"Madde radyoaktif değil; parlaması önceden soğurduğu ışıktan geliyor (hikâye, K2)."
V132;G4;Yanarak ışık verdiği için;;kanitsiz;K2;"Kanıtlarda yanmadan söz edilmiyor; madde soğurduğu ışığı geri veriyor (K2)."
V132;G4;Elektrikle çalıştığı için;;kanitsiz;K2;"Yıldızların pili ya da kablosu yok; ışığı gün ışığından alıyor (K2)."
V133;G2;Titanyum;;veri;K5;Tabloya göre titanyum: 4,51 g/cm³. Bu değer ölçüm aralığının (6,2–6,8) dışında kalıyor.
V133;G2;Zirkonyum;evet;;;
V133;G2;Hafniyum;;veri;K5;Tabloya göre hafniyum: 13,30 g/cm³. Bu değer ölçüm aralığının (6,2–6,8) dışında kalıyor.
V133;G3;K5 · Laboratuvar ölçümü: yoğunluk;evet;;;
V133;G3;K3 · Periyodik tablo kaydı;;kanitsiz;K3;"Titanyum da aynı grupta yer alıyor; bu kanıt onu elemez."
V133;G3;K1 · Metalin görünüşü;;iliski;K1;"Bu gözlem titanyum için de geçerli olabilir; tek başına onu elemez."
V133;G4;"Nötronları çok az yutar, böylece zincirleme tepkimeyi engellemez; sıcak suya ve korozyona da dayanır";evet;;;
V133;G4;Nötronları çok iyi yutup tepkimeyi durdurduğu için;;veri;K2;Metal nötronları çok az yutuyor (K2).
V133;G4;Kolayca eriyip yakıtı soğuttuğu için;;kanitsiz;K2;"Kılıfın erimesi istenmez; kanıtlar metalin dayanıklılığını vurguluyor (K2)."
V133;G4;Radyoaktif olduğu için yakıta enerji kattığı için;;kanitsiz;K2;"Kanıtlarda böyle bir bilgi yok; enerji uranyumdan geliyor."
V134;G2;Vanadyum;;veri;K5;Tabloya göre vanadyum: 6,00 g/cm³. Bu değer ölçüm aralığının (8,3–8,9) dışında kalıyor.
V134;G2;Niyobyum;evet;;;
V134;G2;Tantal;;veri;K5;Tabloya göre tantal: 16,40 g/cm³. Bu değer ölçüm aralığının (8,3–8,9) dışında kalıyor.
V134;G3;K5 · Laboratuvar ölçümü: yoğunluk;evet;;;
V134;G3;K3 · Periyodik tablo kaydı;;kanitsiz;K3;"Vanadyum da aynı grupta yer alıyor; bu kanıt onu elemez."
V134;G3;K1 · Metalin görünüşü;;iliski;K1;"Bu gözlem vanadyum için de geçerli olabilir; tek başına onu elemez."
V134;G4;"Çok soğukken süper iletken olurlar; dirençsiz akan büyük akım çok güçlü bir manyetik alan oluşturur";evet;;;
V134;G4;Bu teller oda sıcaklığında süper iletken olduğu için;;veri;K2;Teller ancak aşırı soğutulunca süper iletken oluyor (K2).
V134;G4;Niyobyum mıknatısa güçlü çekildiği için;;kanitsiz;K2;"Mıknatıs alanını tellerden geçen akım oluşturur; niyobyumun mıknatısa çekildiğine dair bir kanıt yok."
V134;G4;Niyobyum elektriği hiç iletmediği için;;veri;K1;Metal elektriği iletiyor (K1).
V135;G2;Krom;;veri;K5;Tabloya göre krom: 7,15 g/cm³. Bu değer ölçüm aralığının (9,7–10,7) dışında kalıyor.
V135;G2;Molibden;evet;;;
V135;G2;Tungsten;;veri;K5;Tabloya göre tungsten: 19,30 g/cm³. Bu değer ölçüm aralığının (9,7–10,7) dışında kalıyor.
V135;G3;K5 · Laboratuvar ölçümü: yoğunluk;evet;;;
V135;G3;K3 · Periyodik tablo kaydı;;kanitsiz;K3;"Krom da aynı grupta yer alıyor; bu kanıt onu elemez."
V135;G3;K1 · Metalin özellikleri;;iliski;K1;"Bu gözlem krom için de geçerli olabilir; tek başına onu elemez."
V135;G4;Çeliğin sağlamlığını, sertliğini ve aşınmaya dayanıklılığını artırır;evet;;;
V135;G4;Çeliği hafifletmek için;;kanitsiz;K2;"Kanıtlar molibdenin çeliği sağlamlaştırdığını söylüyor (K2); hafiflikten söz etmiyor."
V135;G4;Çeliği mıknatıstan korumak için;;kanitsiz;K2;Kanıtlarda böyle bir bilgi yok.
V135;G4;Çeliğin erime noktasını düşürüp kolay şekil vermek için;;kanitsiz;K2;"Molibdenin erime noktası yüksektir (K1); kanıtlar çeliğin dayanıklılığının arttığını söylüyor."
V136;G2;Kobalt;;veri;K5;Tabloya göre kobalt: 8,86 g/cm³. Bu değer ölçüm aralığının (11,9–12,9) dışında kalıyor.
V136;G2;Rodyum;evet;;;
V136;G2;İridyum;;veri;K5;Tabloya göre iridyum: 22,56 g/cm³. Bu değer ölçüm aralığının (11,9–12,9) dışında kalıyor.
V136;G3;K5 · Laboratuvar ölçümü: yoğunluk;evet;;;
V136;G3;K3 · Periyodik tablo kaydı;;kanitsiz;K3;"Kobalt da aynı grupta yer alıyor; bu kanıt onu elemez."
V136;G3;K1 · Metalin görünüşü;;iliski;K1;"Bu gözlem kobalt için de geçerli olabilir; tek başına onu elemez."
V136;G4;"Çok parlak, sert ve korozyona dayanıklıdır; gümüşün kararmasını önler";evet;;;
V136;G4;Rodyum gümüşten daha ucuz olduğu için;;kanitsiz;K2;"Kanıtlarda fiyattan söz edilmiyor; rodyum aslında çok pahalı bir metaldir."
V136;G4;Rodyum terle tepkimeye girip takıyı koruduğu için;;veri;K2;Rodyum terle neredeyse hiç tepkimeye girmiyor (K2).
V136;G4;Rodyum takıyı ağırlaştırdığı için;;iliski;K2;"Kaplama çok ince; ağırlığın bir önemi yok."
V137;G2;Bakır;;veri;K5;Tabloya göre bakır: 8,96 g/cm³. Bu değer ölçüm aralığının (10,0–11,0) dışında kalıyor.
V137;G2;Gümüş;evet;;;
V137;G2;Altın;;veri;K5;Tabloya göre altın: 19,30 g/cm³. Bu değer ölçüm aralığının (10,0–11,0) dışında kalıyor.
V137;G3;K5 · Laboratuvar ölçümü: yoğunluk;evet;;;
V137;G3;K3 · Periyodik tablo kaydı;;kanitsiz;K3;"Bakır da aynı grupta yer alıyor; bu kanıt onu elemez."
V137;G3;K1 · İletkenlik;;iliski;K1;"Bu gözlem bakır için de geçerli olabilir; tek başına onu elemez."
V137;G4;"Işık alınca değişip banyoda minik gümüş tanelerine dönüşür; ışık alan yerler kararır ve görüntü kaydedilir";evet;;;
V137;G4;Gümüş bromür karanlıkta parladığı için;;kanitsiz;K2;"Kanıtlarda böyle bir özellik yok; tuz ışık alınca değişiyor (K2)."
V137;G4;Gümüş elektriği iyi ilettiği için filme elektrik verdiği için;;iliski;K1;"İletkenlik (K1) filmin çalışmasını açıklamaz; önemli olan tuzun ışığa duyarlılığı."
V137;G4;Gümüş bromür ışıktan hiç etkilenmediği için;;veri;K2;Tuz ışığa duyarlı (K2).
V138;G2;Karbon;;veri;K5;Tabloya göre karbon: 2,2 (grafit) g/cm³. Bu değer ölçüm aralığının (7,0–7,6) dışında kalıyor.
V138;G2;Silisyum;;veri;K5;Tabloya göre silisyum: 2,33 g/cm³. Bu değer ölçüm aralığının (7,0–7,6) dışında kalıyor.
V138;G2;Germanyum;;veri;K5;Tabloya göre germanyum: 5,32 g/cm³. Bu değer ölçüm aralığının (7,0–7,6) dışında kalıyor.
V138;G2;Kalay;evet;;;
V138;G2;Kurşun;;veri;K5;Tabloya göre kurşun: 11,30 g/cm³. Bu değer ölçüm aralığının (7,0–7,6) dışında kalıyor.
V138;G3;K5 · Laboratuvar ölçümü: yoğunluk;evet;;;
V138;G3;K3 · Periyodik tablo kaydı;;kanitsiz;K3;"Germanyum da aynı grupta yer alıyor; bu kanıt onu elemez."
V138;G3;K1 · Metalin görünüşü;;iliski;K1;"Bu gözlem germanyum için de geçerli olabilir; tek başına onu elemez."
V138;G4;Kalayın 13 °C'nin altında uzun süre kalınca kırılgan, gri bir toza dönüşmesidir;evet;;;
V138;G4;Kalayı yiyen bir mikrobun yol açtığı hastalık;;kanitsiz;K2;Değişime mikrop değil, düşük sıcaklık yol açar (K2).
V138;G4;Kalayın sıcakta erimesi;;veri;K2;Değişim sıcakta değil, 13 °C'nin altında oluyor (K2).
V138;G4;Kalayın havadaki oksijenle paslanması;;iliski;K2;"Kalay vebası bir paslanma değil; aynı elementin yapısının değişmesidir (K2)."
V139;G2;Azot;;veri;K5;Tabloya göre azot: 0,001145 g/cm³. Bu değer ölçüm aralığının (6,4–7,0) dışında kalıyor.
V139;G2;Fosfor;;veri;K5;Tabloya göre fosfor: 1,82 g/cm³. Bu değer ölçüm aralığının (6,4–7,0) dışında kalıyor.
V139;G2;Arsenik;;veri;K5;Tabloya göre arsenik: 5,75 g/cm³. Bu değer ölçüm aralığının (6,4–7,0) dışında kalıyor.
V139;G2;Antimon;evet;;;
V139;G2;Bizmut;;veri;K5;Tabloya göre bizmut: 9,79 g/cm³. Bu değer ölçüm aralığının (6,4–7,0) dışında kalıyor.
V139;G3;K5 · Laboratuvar ölçümü: yoğunluk;evet;;;
V139;G3;K3 · Periyodik tablo kaydı;;kanitsiz;K3;"Arsenik de aynı grupta yer alıyor; bu kanıt onu elemez."
V139;G3;K1 · Elementin görünüşü;;iliski;K1;"Bu gözlem arsenik için de geçerli olabilir; tek başına onu elemez."
V139;G4;Kurşunu sertleştirir ve sağlamlaştırır;evet;;;
V139;G4;Kurşunu yumuşatıp kolay eritmek için;;kanitsiz;K1;Antimon kurşunu yumuşatmaz, sertleştirir.
V139;G4;Aküyü siyaha boyamak için;;iliski;K2;"Antimonun siyah minerali göz boyasında kullanılıyordu (K2); akülerdeki görevi kurşunu sertleştirmek."
V139;G4;Akünün elektriğini artıran bir yakıt olduğu için;;kanitsiz;K1;Kanıtlarda böyle bir bilgi yok.
V140;G2;Flor;;veri;K5;Tabloya göre flor: 0,001553 g/cm³. Bu değer ölçüm aralığının (4,7–5,1) dışında kalıyor.
V140;G2;Klor;;veri;K5;Tabloya göre klor: 0,002898 g/cm³. Bu değer ölçüm aralığının (4,7–5,1) dışında kalıyor.
V140;G2;Brom;;veri;K5;Tabloya göre brom: 3,10 g/cm³. Bu değer ölçüm aralığının (4,7–5,1) dışında kalıyor.
V140;G2;İyot;evet;;;
V140;G3;K5 · Laboratuvar ölçümü: yoğunluk;evet;;;
V140;G3;K3 · Periyodik tablo kaydı;;kanitsiz;K3;"Brom da aynı grupta yer alıyor; bu kanıt onu elemez."
V140;G3;K1 · Elementin türü;;iliski;K1;"Bu gözlem brom için de geçerli olabilir; tek başına onu elemez."
V140;G4;"İyot mikropları öldürür; yaranın enfeksiyon kapmasını önler";evet;;;
V140;G4;İyot yarayı kahverengiye boyayarak gizlediği için;;iliski;K1;"Renk bir yan etkidir; çözeltinin görevi mikropları öldürmek."
V140;G4;İyot kanı hemen pıhtılaştırdığı için;;kanitsiz;K1;"Kanıtlarda böyle bir bilgi yok; şişede 'antiseptik' yazıyor."
V140;G4;İyot ısıtılınca mor buhar oluşturduğu için;;iliski;K2;Süblimleşme iyotun bir özelliğidir (K2) ama yarada mikrop öldürme görevini açıklamaz.
V141;G2;Helyum;;veri;K5;Tabloya göre helyum: −269 °C. Bu değer ölçüm aralığının (−113–−103) dışında kalıyor.
V141;G2;Neon;;veri;K5;Tabloya göre neon: −246 °C. Bu değer ölçüm aralığının (−113–−103) dışında kalıyor.
V141;G2;Argon;;veri;K5;Tabloya göre argon: −186 °C. Bu değer ölçüm aralığının (−113–−103) dışında kalıyor.
V141;G2;Kripton;;veri;K5;Tabloya göre kripton: −153 °C. Bu değer ölçüm aralığının (−113–−103) dışında kalıyor.
V141;G2;Ksenon;evet;;;
V141;G3;K5 · Laboratuvar ölçümü: kaynama noktası;evet;;;
V141;G3;K3 · Periyodik tablo kaydı;;kanitsiz;K3;"Kripton da aynı grupta yer alıyor; bu kanıt onu elemez."
V141;G3;K1 · Gazın davranışı;;iliski;K1;"Bu gözlem kripton için de geçerli olabilir; tek başına onu elemez."
V141;G4;Ağır atomları kolayca iyonlaşır, tepkimeye girmez ve sıkıştırılarak depolanabilir;evet;;;
V141;G4;Ksenon yanıcı olduğu için roket gibi yandığı için;;veri;K1;"Ksenon neredeyse hiç tepkimeye girmez (K1); motor yanmayla değil, iyonlarla iter."
V141;G4;Ksenon çok hafif olduğu için;;veri;K2;Motor bu gazın ağır atomlarını kullanıyor (K2).
V141;G4;Ksenon mavi renkli olduğu için uzayda görünmek için;;iliski;K2;"Mavi ışıltı motorun çalışmasının bir sonucudur; ksenonun seçilme nedeni değil."
V142;G2;Hidrojen;;veri;K5;Tabloya göre hidrojen: −259 °C. Bu değer ölçüm aralığının (28–30) dışında kalıyor.
V142;G2;Lityum;;veri;K5;Tabloya göre lityum: 180 °C. Bu değer ölçüm aralığının (28–30) dışında kalıyor.
V142;G2;Sodyum;;veri;K5;Tabloya göre sodyum: 97,8 °C. Bu değer ölçüm aralığının (28–30) dışında kalıyor.
V142;G2;Potasyum;;veri;K5;Tabloya göre potasyum: 63,5 °C. Bu değer ölçüm aralığının (28–30) dışında kalıyor.
V142;G2;Rubidyum;;veri;K5;Tabloya göre rubidyum: 39,3 °C. Bu değer ölçüm aralığının (28–30) dışında kalıyor.
V142;G2;Sezyum;evet;;;
V142;G3;K5 · Laboratuvar ölçümü: erime noktası;evet;;;
V142;G3;K3 · Periyodik tablo kaydı;;kanitsiz;K3;"Rubidyum da aynı grupta yer alıyor; bu kanıt onu elemez."
V142;G3;K1 · Metalin özellikleri;;iliski;K1;"Bu gözlem rubidyum için de geçerli olabilir; tek başına onu elemez."
V142;G4;"Sezyum atomlarının bu ışıma frekansı değişmez ve her yerde aynıdır; çok hassas ve yeniden üretilebilir bir zaman ölçüsü verir";evet;;;
V142;G4;Sezyum suyla tepkimeye girdiği için saati çalıştırdığı için;;iliski;K2;Saat suyla tepkimeyle değil, atomların ışımasıyla çalışır (K2).
V142;G4;Sezyum ucuz ve bol olduğu için;;kanitsiz;K2;Kanıtlar sezyumun kararlı ışıma frekansını vurguluyor (K2).
V142;G4;Sezyumun ışıması zamanla yavaşladığı için;;veri;K2;"Işıma frekansı değişmez; saniye bu yüzden onunla tanımlanıyor (K2)."
V143;G2;Berilyum;;veri;K5;Tabloya göre berilyum: 1,85 g/cm³. Bu değer ölçüm aralığının (3,5–3,7) dışında kalıyor.
V143;G2;Magnezyum;;veri;K5;Tabloya göre magnezyum: 1,74 g/cm³. Bu değer ölçüm aralığının (3,5–3,7) dışında kalıyor.
V143;G2;Kalsiyum;;veri;K5;Tabloya göre kalsiyum: 1,54 g/cm³. Bu değer ölçüm aralığının (3,5–3,7) dışında kalıyor.
V143;G2;Stronsiyum;;veri;K5;Tabloya göre stronsiyum: 2,64 g/cm³. Bu değer ölçüm aralığının (3,5–3,7) dışında kalıyor.
V143;G2;Baryum;evet;;;
V143;G3;K5 · Laboratuvar ölçümü: yoğunluk;evet;;;
V143;G3;K3 · Periyodik tablo kaydı;;kanitsiz;K3;"Stronsiyum da aynı grupta yer alıyor; bu kanıt onu elemez."
V143;G3;K1 · Elementin türü;;iliski;K1;"Bu gözlem stronsiyum için de geçerli olabilir; tek başına onu elemez."
V143;G4;Yanarken baryum iyonları alevi yeşile boyar;evet;;;
V143;G4;Baryum fişeği ağırlaştırıp yükseğe çıkardığı için;;iliski;K2;"Fişeğin rengini baryum verir; ağırlık fişeği yükseltmez."
V143;G4;Baryum kırmızı ışık verdiği için;;veri;K2;Tuz alevi yeşile boyuyor (K2).
V143;G4;Baryum patlamayı önlediği için;;kanitsiz;K2;Kanıtlarda böyle bir bilgi yok.
V144;G2;Titanyum;;veri;K5;Tabloya göre titanyum: 4,51 g/cm³. Bu değer ölçüm aralığının (12,8–13,8) dışında kalıyor.
V144;G2;Zirkonyum;;veri;K5;Tabloya göre zirkonyum: 6,52 g/cm³. Bu değer ölçüm aralığının (12,8–13,8) dışında kalıyor.
V144;G2;Hafniyum;evet;;;
V144;G3;K5 · Laboratuvar ölçümü: yoğunluk;evet;;;
V144;G3;K3 · Periyodik tablo kaydı;;kanitsiz;K3;"Zirkonyum da aynı grupta yer alıyor; bu kanıt onu elemez."
V144;G3;K1 · Metalin görünüşü;;iliski;K1;"Bu gözlem zirkonyum için de geçerli olabilir; tek başına onu elemez."
V144;G4;"Nötronları çok iyi yutar; çubuklar reaktöre sokulunca zincirleme tepkime yavaşlar";evet;;;
V144;G4;Nötronları hiç yutmadığı için tepkimeyi hızlandırdığı için;;veri;K2;Metal nötronları çok iyi yutuyor (K2).
V144;G4;Kolayca eridiği için reaktörü soğuttuğu için;;veri;K2;Metalin erime noktası çok yüksek (K2).
V144;G4;Zirkonyuma benzediği için yakıt olarak yandığı için;;iliski;K2;"Zirkonyuma benzemesi yakıt olduğunu göstermez; hafniyumun görevi nötron yutmak."
V145;G2;Krom;;veri;K5;Tabloya göre krom: 7,15 g/cm³. Bu değer ölçüm aralığının (18,8–19,8) dışında kalıyor.
V145;G2;Molibden;;veri;K5;Tabloya göre molibden: 10,20 g/cm³. Bu değer ölçüm aralığının (18,8–19,8) dışında kalıyor.
V145;G2;Tungsten;evet;;;
V145;G3;K5 · Laboratuvar ölçümü: yoğunluk;evet;;;
V145;G3;K3 · Periyodik tablo kaydı;;kanitsiz;K3;"Molibden de aynı grupta yer alıyor; bu kanıt onu elemez."
V145;G3;K1 · Metalin özellikleri;;iliski;K1;"Bu gözlem molibden için de geçerli olabilir; tek başına onu elemez."
V145;G4;Çok yoğun olduğu için ok ince kalırken yeterince ağır olur;evet;;;
V145;G4;Tungsten çok hafif olduğu için ok daha uzağa gittiği için;;veri;K5;"Ok ince olduğu hâlde ağır (K2); tungsten çok yoğun bir metaldir (K5)."
V145;G4;Tungstenin erime noktası yüksek olduğu için ok ısınmadığı için;;iliski;K1;"Erime noktası (K1) dart oyununda önemli değil; önemli olan yoğunluk."
V145;G4;Tungsten yumuşak olduğu için hedefe kolay saplandığı için;;veri;K1;Tungsten sert bir metaldir (K1).
V146;G2;Mangan;;veri;K5;Tabloya göre mangan: 7,30 g/cm³. Bu değer ölçüm aralığının (20–22) dışında kalıyor.
V146;G2;Renyum;evet;;;
V146;G3;K5 · Laboratuvar ölçümü: yoğunluk;evet;;;
V146;G3;K3 · Periyodik tablo kaydı;;kanitsiz;K3;"Mangan da aynı grupta yer alıyor; bu kanıt onu elemez."
V146;G3;K1 · Metalin görünüşü;;iliski;K1;"Bu gözlem mangan için de geçerli olabilir; tek başına onu elemez."
V146;G4;Çok yüksek erime noktası ve sağlamlığıyla kanatların aşırı sıcakta şekil değiştirmesini önler;evet;;;
V146;G4;Renyum kanatları hafiflettiği için;;veri;K5;"Ölçülen yoğunluk (K5) çok yüksek; renyum ağır bir metaldir."
V146;G4;Renyum düşük sıcaklıkta eridiği için kanatları soğuttuğu için;;veri;K2;Renyumun erime noktası 3000 °C'nin üzerinde (K2).
V146;G4;Renyum yanarak motora ek itme verdiği için;;kanitsiz;K2;"Kanıtlarda böyle bir bilgi yok; renyum kanadın dayanıklılığını artırıyor (K2)."
V147;G2;Demir;;veri;K5;Tabloya göre demir: 7,87 g/cm³. Bu değer ölçüm aralığının (22–24) dışında kalıyor.
V147;G2;Rutenyum;;veri;K5;Tabloya göre rutenyum: 12,10 g/cm³. Bu değer ölçüm aralığının (22–24) dışında kalıyor.
V147;G2;Osmiyum;evet;;;
V147;G3;K5 · Laboratuvar ölçümü: yoğunluk;evet;;;
V147;G3;K3 · Periyodik tablo kaydı;;kanitsiz;K3;"Rutenyum da aynı grupta yer alıyor; bu kanıt onu elemez."
V147;G3;K1 · Metalin özellikleri;;iliski;K1;"Bu gözlem rutenyum için de geçerli olabilir; tek başına onu elemez."
V147;G4;"Çok sert ve aşınmaya dayanıklıdır; uç yıllarca kâğıda sürtünse de körelmez";evet;;;
V147;G4;Osmiyum yumuşak olduğu için kâğıda kolay kaydığı için;;veri;K1;Metal çok sert (K1).
V147;G4;Osmiyum mürekkebin rengini değiştirdiği için;;kanitsiz;K2;Kanıtlarda böyle bir bilgi yok.
V147;G4;Osmiyum çok hafif olduğu için kalemi hafiflettiği için;;veri;K5;Osmiyum bilinen en yoğun elementtir (K5).
V148;G2;Nikel;;veri;K5;Tabloya göre nikel: 8,90 g/cm³. Bu değer ölçüm aralığının (20–22) dışında kalıyor.
V148;G2;Paladyum;;veri;K5;Tabloya göre paladyum: 12,00 g/cm³. Bu değer ölçüm aralığının (20–22) dışında kalıyor.
V148;G2;Platin;evet;;;
V148;G3;K5 · Laboratuvar ölçümü: yoğunluk;evet;;;
V148;G3;K3 · Periyodik tablo kaydı;;kanitsiz;K3;"Paladyum da aynı grupta yer alıyor; bu kanıt onu elemez."
V148;G3;K1 · Metalin görünüşü;;iliski;K1;"Bu gözlem paladyum için de geçerli olabilir; tek başına onu elemez."
V148;G4;Katalizördür: zehirli gazların daha zararsız gazlara dönüşmesini hızlandırır ve kendisi tükenmez;evet;;;
V148;G4;Platin zehirli gazları emip içinde sakladığı için;;veri;K2;Gazlar platinin içinde saklanmıyor, başka gazlara dönüşüyor (K2).
V148;G4;Platin egzozu ısıtıp gazları yaktığı için;;kanitsiz;K2;Kanıtlar platinin bir katalizör gibi davrandığını söylüyor (K2).
V148;G4;Platin her tepkimede tükendiği için sık değiştirilmesi gerektiği için;;veri;K2;Metal tükenmiyor (K2).
V149;G2;Karbon;;veri;K5;Tabloya göre karbon: 2,2 (grafit) g/cm³. Bu değer ölçüm aralığının (10,8–11,8) dışında kalıyor.
V149;G2;Silisyum;;veri;K5;Tabloya göre silisyum: 2,33 g/cm³. Bu değer ölçüm aralığının (10,8–11,8) dışında kalıyor.
V149;G2;Germanyum;;veri;K5;Tabloya göre germanyum: 5,32 g/cm³. Bu değer ölçüm aralığının (10,8–11,8) dışında kalıyor.
V149;G2;Kalay;;veri;K5;Tabloya göre kalay: 7,29 g/cm³. Bu değer ölçüm aralığının (10,8–11,8) dışında kalıyor.
V149;G2;Kurşun;evet;;;
V149;G3;K5 · Laboratuvar ölçümü: yoğunluk;evet;;;
V149;G3;K3 · Periyodik tablo kaydı;;kanitsiz;K3;"Kalay da aynı grupta yer alıyor; bu kanıt onu elemez."
V149;G3;K1 · Metalin özellikleri;;iliski;K1;"Bu gözlem kalay için de geçerli olabilir; tek başına onu elemez."
V149;G4;"Kurşun yumuşaktır, kolayca şekil alır ve paslanmaz; ama zehirli olduğu için bugün içme suyu borularında kullanılmaz";evet;;;
V149;G4;"Kurşun çok hafif olduğu için; bugün daha ağır borular tercih edildiği için";;veri;K5;"Ölçülen yoğunluk (K5) çok yüksek; kurşun ağır bir metaldir."
V149;G4;"Kurşun çok sert olduğu için; bugün daha yumuşak borular gerektiği için";;veri;K1;Kurşun yumuşak bir metaldir (K1).
V149;G4;"Kurşun suyu tatlandırdığı için; bugün tat istenmediği için";;kanitsiz;K1;"Kurşunun bırakılma nedeni zehirliliğidir; tatla ilgili bir kanıt yok."
V150;G2;Azot;;veri;K5;Tabloya göre azot: 0,001145 g/cm³. Bu değer ölçüm aralığının (9,5–10,1) dışında kalıyor.
V150;G2;Fosfor;;veri;K5;Tabloya göre fosfor: 1,82 g/cm³. Bu değer ölçüm aralığının (9,5–10,1) dışında kalıyor.
V150;G2;Arsenik;;veri;K5;Tabloya göre arsenik: 5,75 g/cm³. Bu değer ölçüm aralığının (9,5–10,1) dışında kalıyor.
V150;G2;Antimon;;veri;K5;Tabloya göre antimon: 6,68 g/cm³. Bu değer ölçüm aralığının (9,5–10,1) dışında kalıyor.
V150;G2;Bizmut;evet;;;
V150;G3;K5 · Laboratuvar ölçümü: yoğunluk;evet;;;
V150;G3;K3 · Periyodik tablo kaydı;;kanitsiz;K3;"Antimon da aynı grupta yer alıyor; bu kanıt onu elemez."
V150;G3;K1 · Elementin görünüşü;;iliski;K1;"Bu gözlem antimon için de geçerli olabilir; tek başına onu elemez."
V150;G4;"Bizmut, ağızdaki kükürtlü maddelerle siyah bizmut sülfür oluşturur; bu zararsızdır ve geçicidir";evet;;;
V150;G4;Şurup dili yaktığı için;;kanitsiz;K2;"Eczacı etkinin zararsız olduğunu söyledi; kanıtlar bir sülfür oluştuğunu gösteriyor (K2)."
V150;G4;Bizmut radyoaktif olduğu için dili kararttığı için;;kanitsiz;K2;Kararma bir kimyasal tepkimeden kaynaklanıyor (K2).
V150;G4;Şurubun pembe boyası dili kararttığı için;;iliski;K2;"Pembe boya siyah renk oluşturmaz; siyah renk bizmut sülfürden geliyor (K2)."
V155;G1;Ağır su buzunun yoğunluğu sıradan suyun yoğunluğundan büyük.;evet;;;
V155;G1;Ağır su buzu daha soğuk olduğu için batıyor.;;iliski;K1;Bir cismin batıp batmaması sıcaklığından değil, yoğunluğundan bağlıdır.
V155;G1;Ağır su buzu erimiş olduğu için batıyor.;;veri;K1;"Batan şey bir buz küpü; erimiş değil (K1)."
V155;G3;"Molekülündeki hidrojen atomlarının çekirdeğinde fazladan bir nötron bulunur; bu yüzden molekül daha ağırdır";evet;;;
V155;G3;Ağır suda daha fazla oksijen atomu bulunduğu için;;veri;K2;"Molekülündeki oksijen aynı (K2); fark diğer elementin atomlarında."
V155;G3;Ağır su radyoaktif olduğu için;;kanitsiz;K2;"Kanıtlarda radyoaktiflikten söz edilmiyor; döteryum kararlı bir izotoptur."
V155;G3;Ağır suyun içinde tuz çözünmüş olduğu için;;kanitsiz;K3;"Kanıtlarda tuzdan söz edilmiyor; fark atomların çekirdeğinde (K3)."
V156;G1;"Batarya değişimi bir ameliyat gerektirir; uzun ömürlü batarya daha az ameliyat demektir.";evet;;;
V156;G1;Uzun ömürlü batarya kalbi daha hızlı attırır.;;kanitsiz;K1;"Kanıtlarda böyle bir bilgi yok; batarya yalnızca pilin çalışmasını sağlar."
V156;G1;Batarya on yılda bir şarj edilir.;;kanitsiz;K1;"Kanıtlar bataryanın değiştirildiğini söylüyor (K1); şarj edildiğine dair bir bilgi yok."
V156;G3;"Lityum çok hafiftir ve kütlesine göre çok enerji depolar; pil küçük kalır ve yıllarca dayanır";evet;;;
V156;G3;Lityum çok ağır olduğu için pili yerinde tuttuğu için;;veri;K2;Lityum bilinen en hafif metal (K2).
V156;G3;Lityum hiç tepkimeye girmediği için;;veri;K2;Pil, lityumun iyotla tepkimesiyle akım üretiyor (K2).
V156;G3;Lityum radyoaktif olduğu için kendiliğinden enerji verdiği için;;kanitsiz;K2;"Lityum radyoaktif değildir; enerji kimyasal tepkimeden gelir (K2)."
V157;G1;Sert yüzey mermiyi çarpma anında parçalayıp enerjisini dağıtır.;evet;;;
V157;G1;Sert seramik mermiyi geri sektirir ve hiç hasar görmez.;;kanitsiz;K1;"Kanıtlar seramiğin mermiyi parçaladığını söylüyor (K1); geri sektirdiğine dair bir bilgi yok."
V157;G1;Seramik yumuşak olduğu için mermiyi yavaşça emer.;;veri;K1;Seramik çok sert (K1).
V157;G3;"Son derece sert ve hafiftir; mermiyi durdururken taşıyanı fazla yormaz";evet;;;
V157;G3;Bor karbür çok ağır olduğu için mermiyi ağırlığıyla durdurduğu için;;veri;K5;"Plakalar hafif (hikâye); ölçülen yoğunluk da (K5) düşük."
V157;G3;Bor karbür elektriği iyi ilettiği için;;iliski;K1;"İletkenliğin mermiyi durdurmakla ilgisi yok; önemli olan sertlik ve hafiflik (K1)."
V157;G3;Bor Türkiye'de bol olduğu için zırhı sertleştirdiği için;;iliski;K2;"Bolluk bir maddeyi ucuzlatır ama sert yapmaz; sertlik bor karbürün yapısından gelir (K1)."
V158;G1;Havadaki bu gazın miktarı onlarca yıldır sürekli artıyor.;evet;;;
V158;G1;Gazın miktarı her yıl azalıyor.;;veri;K1;Eğri her yıl yükseliyor (K1).
V158;G1;Artış yalnızca tek bir yıla özgü bir hatadır.;;veri;K1;"Ölçümler 1958'den beri her yıl aynı yönde değişiyor (K1); tek bir yıla özgü değil."
V158;G3;"Fosil yakıtlar milyonlarca yıl önce yer altına gömülmüş karbonu içerir; yakılınca bu karbon oksijenle birleşip karbondioksit olarak havaya geçer";evet;;;
V158;G3;Fosil yakıtlar yanınca havadaki oksijen karbondioksite dönüştüğü için, karbon gerekmez;;veri;K2;"Karbondioksit oluşması için karbon gerekir; karbon yakıttan geliyor (K2)."
V158;G3;Fosil yakıtlar havadaki azotu karbondioksite çevirdiği için;;iliski;K2;"Azot bir elementtir; karbona dönüşmez. Karbon yakıtın içinden gelir (K2)."
V158;G3;Karbondioksit artışının yakıtlarla ilgisi olmadığı için;;kanitsiz;K2;Kanıtlar yakıtların yakılmasının bu gazı oluşturduğunu söylüyor (K2).
V159;G1;Taş camdan çok daha sert.;evet;;;
V159;G1;Taş camdan daha yumuşak.;;veri;K2;"Daha yumuşak olan malzeme çizilir; taş çizilmedi (K2)."
V159;G1;Taş kesinlikle elmastır.;;kanitsiz;K2;"Camdan sert başka malzemeler de var (örneğin moissanit ve kübik zirkonya); tek başına bu test yetmez."
V159;G3;"Her karbon atomu dört komşusuna güçlü bağlarla bağlıdır; bu üç boyutlu ağ çok zor kırılır";evet;;;
V159;G3;Elmasın içinde metal bulunduğu için;;veri;K3;"Elmas tek bir elementten, karbondan oluşur (K3); metal içermez."
V159;G3;Elmas çok yoğun olduğu için;;iliski;K4;"Yoğunluk sertliği belirlemez; kübik zirkonya elmastan yoğundur ama daha yumuşaktır (K4)."
V159;G3;Elmas ısıyı iyi ilettiği için;;iliski;K1;"Isı iletimi (K1) bir tanıma testidir; sertliği açıklamaz."
V160;G1;Gaz yanmayı desteklemiyor ve kendisi de yanmıyor.;evet;;;
V160;G1;Gaz yanmayı destekleyen bir gazdır.;;veri;K1;"Yanmayı destekleyen bir gaz kibriti daha parlak yakardı; bu gaz söndürdü (K1)."
V160;G1;Gaz zehirlidir.;;kanitsiz;K1;Kibritin sönmesi gazın zehirli olduğunu göstermez.
V160;G3;Tepkimeye girmeyen, zehirsiz ve havada zaten bol bulunan bir gaz olması;evet;;;
V160;G3;Yanıcı olduğu için yastığı ısıtması;;veri;K1;"Gaz yanan kibriti söndürüyor (K1); yanıcı değil."
V160;G3;Havadan çok daha ağır olduğu için;;veri;K2;"Bu gaz havanın büyük bölümünü oluşturur (K2); havadan çok ağır değildir. Üstelik yastığın şişmesi ağırlıkla ilgili değil."
V160;G3;Renkli olduğu için şiştiğinin görülmesi;;veri;K1;Gaz renksiz (K1).
V161;G1;"Sudaki çözünmüş gaz balıkların solunumuna yetmiyor; yüzeye yakın suda biraz daha fazla var.";evet;;;
V161;G1;Balıklar yiyecek arıyor.;;kanitsiz;K1;"Mühendis sudaki bir gazın azaldığını söyledi; davranış solunumla ilgili görünüyor."
V161;G1;Balıklar sıcakta oyun oynuyor.;;kanitsiz;K1;Ertesi gün balıkların ölmesi bu davranışın bir sıkıntıyı gösterdiğini düşündürüyor.
V161;G3;Su ısındıkça içinde çözünebilen oksijen azalır ve durgun su havadan yeterince oksijen alamaz;evet;;;
V161;G3;Sıcak su balıkları haşladığı için;;kanitsiz;K2;"Gölet suyu balıkları haşlayacak kadar ısınmaz; kanıtlar çözünmüş gazın azaldığını gösteriyor (K2)."
V161;G3;Isınan suda oksijen arttığı için balıklar zehirlendiği için;;veri;K2;Su ısındıkça çözünen oksijen azalır, artmaz (K2).
V161;G3;Oksijen sudan ağır olduğu için dibe çöktüğü için;;iliski;K2;"Çözünmüş gaz dibe çökmez; sorun suyun daha az gaz çözebilmesi (K2)."
V162;G1;Işık, atomların belirli iki enerji düzeyi arasındaki tek bir geçişten geliyor.;evet;;;
V162;G1;Lazer ışını beyaz ışıktır.;;veri;K1;Lazer ışını tek renkli, kırmızı (K1).
V162;G1;Işık, tüpün camının rengidir.;;iliski;K2;Lazer ışığını cam değil, tüpteki gazın atomları üretiyor (K2).
V162;G3;"Işığı yayan neon atomlarıdır; neonun enerji düzeyleri arasındaki geçiş 633 nanometrelik kırmızı ışığa karşılık gelir";evet;;;
V162;G3;Helyum kırmızı renkli bir gaz olduğu için;;veri;K2;"Helyum renksizdir; ayrıca ışığı helyum değil, diğer gaz yayıyor (K2)."
V162;G3;Neon yanarken kırmızı alev verdiği için;;iliski;K2;"Neon yanmaz; ışık, uyarılmış atomların ışımasından gelir."
V162;G3;Lazer tüpü kırmızı boyalı olduğu için;;kanitsiz;K2;Kanıtlar ışığı tüpteki gazın atomlarının yaydığını söylüyor (K2).
V163;G1;Okyanuslar çok büyük olduğu için bu metalin neredeyse tükenmez bir kaynağı demektir.;evet;;;
V163;G1;1,3 gram çok az olduğu için deniz suyu kaynak olamaz.;;iliski;K1;Bir litrede az görünse de okyanuslardaki toplam miktar çok büyüktür.
V163;G1;Deniz suyu bu metali saf hâlde içerir.;;veri;K1;"Metal suda iyon olarak çözünmüş hâlde (K1); saf metal değil."
V163;G3;"Magnezyum alaşımları çok hafif ve sağlamdır; uçakların ağırlığını azaltır";evet;;;
V163;G3;Magnezyum çok yoğun olduğu için uçakları sağlamlaştırdığı için;;veri;K5;"Ölçülen yoğunluk (K5) çok düşük; magnezyum çok hafif bir metaldir."
V163;G3;Magnezyum deniz suyunda çözündüğü için uçakları paslanmaktan koruduğu için;;iliski;K1;"Suda çözünmüş olması bir kaynak avantajıdır (K1); uçaktaki görevini açıklamaz."
V163;G3;Magnezyum radyoaktif olduğu için uçaklara enerji verdiği için;;kanitsiz;K2;Magnezyum radyoaktif değildir.
V164;G1;"Metal bakırdan çok daha hafif; kalın bir tel bile hafif kalıyor.";evet;;;
V164;G1;Metal elektriği bakırdan çok daha iyi iletiyor.;;veri;K2;"Metal elektriği bakırdan biraz daha az iletiyor (K2); avantajı hafifliğinden geliyor."
V164;G1;Metal elektriği hiç iletmiyor.;;veri;K1;Kabloda elektriği bu metal taşıyor (K1).
V164;G3;"Alüminyum bakırdan çok daha hafif ve ucuzdur; aynı ağırlıkla daha fazla akım taşır ve direkler daha az yük taşır";evet;;;
V164;G3;Alüminyum elektriği bakırdan daha iyi ilettiği için;;veri;K2;Alüminyum elektriği bakırdan biraz daha az iletir (K2).
V164;G3;Alüminyum mıknatısa çekildiği için telleri direklere tutturduğu için;;kanitsiz;K1;"Alüminyum mıknatısa çekilmez; teller direklere mekanik olarak tutturulur."
V164;G3;Alüminyum çok ağır olduğu için rüzgârda sallanmadığı için;;veri;K5;"Ölçülen yoğunluk (K5) düşük; alüminyum hafif bir metaldir."
V165;G1;Silikonun zincirleri yüksek sıcaklıkta bile bozulmuyor.;evet;;;
V165;G1;Silikon bir metaldir.;;kanitsiz;K2;"Isıya dayanıklılık bir maddenin metal olduğunu göstermez; silikon bir polimerdir (K2)."
V165;G1;Silikon ısıyı çok iyi iletir.;;iliski;K1;"Eldiven ısıyı iyi iletseydi aşçının elini yakardı; silikon ısıyı az iletir."
V165;G3;"Zincirlerindeki silisyum-oksijen bağları çok güçlüdür; yüksek sıcaklıkta bile kopmaz";evet;;;
V165;G3;Silikon saf silisyum metalinden yapıldığı için;;veri;K2;"Silikon saf bir element değil; silisyum ve oksijen atomlarından oluşan bir zincirdir (K2)."
V165;G3;Silikon suyla soğutulduğu için;;kanitsiz;K1;Kanıtlarda böyle bir bilgi yok.
V165;G3;Silikon kırmızı renkli olduğu için ısıyı yansıttığı için;;iliski;K2;"Eldivenin rengi boyadan gelir; ısıya dayanıklılığın nedeni zincirin bağları (K2)."
V166;G1;"Yosunların aşırı çoğalması gölün dengesini bozmuş; balıkların ölümü bununla bağlantılı olabilir.";evet;;;
V166;G1;Balıklar yosunları yiyip zehirlendi.;;kanitsiz;K1;Kanıtlarda balıkların yosun yiyip zehirlendiğine dair bir bilgi yok.
V166;G1;Yosunlarla balık ölümleri arasında hiçbir ilişki olamaz.;;kanitsiz;K1;"İki olayın sırayla gerçekleşmesi bir ilişki olabileceğini düşündürür; bu, araştırılması gereken bir hipotezdir."
V166;G3;"Fosfat yosunların aşırı çoğalmasına yol açar; ölen yosunlar çürürken sudaki oksijeni tüketir";evet;;;
V166;G3;Fosfat balıklar için doğrudan zehirli olduğu için;;kanitsiz;K2;"Kanıtlar fosfatın yosunlar için besin olduğunu söylüyor (K2); balıkları doğrudan zehirlediğine dair bir kanıt yok."
V166;G3;Fosfor suyu ısıttığı için;;kanitsiz;K2;Kanıtlarda böyle bir bilgi yok.
V166;G3;Yosunlar sudaki oksijeni artırdığı için balıklar zehirlendiği için;;iliski;K1;Yosunlar gündüz oksijen üretir ama ölüp çürürken sudaki oksijeni tüketirler.
V167;G1;Yağmur suyu mermeri çözebilecek kadar asitli.;evet;;;
V167;G1;Heykeller rüzgârla aşındı.;;kanitsiz;K1;"Ölçümler yağmur suyunun çok asitli olduğunu gösteriyor (K1); aşınmayı rüzgâra bağlayan bir kanıt yok."
V167;G1;Mermer suda kendiliğinden çözünür.;;veri;K1;"Mermer sıradan suda çok az çözünür; asitli su ise onu hızla aşındırır."
V167;G3;"Havadaki su ve oksijenle birleşip sülfürik asit oluşturur; bu asit yağmurla yere iner";evet;;;
V167;G3;Kükürt dioksit yağmuru ısıttığı için;;kanitsiz;K2;"Kanıtlar gazın asit oluşturduğunu söylüyor (K2); ısıtmadan söz etmiyor."
V167;G3;Kükürt dioksit sarı renkli olduğu için yaprakları sarıya boyadığı için;;iliski;K2;"Yaprakların sararması asit hasarından kaynaklanır; gazın rengiyle ilgili değil."
V167;G3;Kükürt yanmaz bir element olduğu için;;veri;K2;Kükürt kömürle birlikte yanarak oksit gazı oluşturuyor (K2).
V168;G1;"Bu element PVC'nin yapısının çok önemli bir parçası; özellikleri PVC'yi de etkiler.";evet;;;
V168;G1;PVC tamamen bu elementten yapılmıştır.;;veri;K1;PVC'nin geri kalanı karbon ve hidrojen (K1).
V168;G1;PVC bir metaldir.;;kanitsiz;K1;"PVC bir plastiktir; kanıtlarda metal olduğuna dair bir bilgi yok."
V168;G3;Klor içeren bu plastik paslanmaz, hafiftir, ucuzdur ve kolay alev almaz;evet;;;
V168;G3;PVC zehirli bir gaz olduğu için mikropları öldürdüğü için;;iliski;K2;"Saf klor zehirli bir gazdır (K2) ama PVC'de klor plastiğin yapısına sıkıca bağlıdır; PVC bir gaz değil, katıdır."
V168;G3;PVC elektriği çok iyi ilettiği için;;kanitsiz;K1;"PVC bir yalıtkandır; kanıtlarda iletkenlikten söz edilmiyor."
V168;G3;PVC suda çözündüğü için suyu dezenfekte ettiği için;;kanitsiz;K1;"Bir boru suda çözünseydi işe yaramazdı; kanıtlarda böyle bir bilgi yok."
V169;G1;Tuzda sodyuma benzeyen ama aynı olmayan başka bir metalin bileşiği var.;evet;;;
V169;G1;Tuz tamamen sofra tuzudur.;;veri;K1;"Tuzun tadı biraz acımsı (K1); paket de sodyum klorürün bir kısmının yerine başka bir tuz konduğunu söylüyor."
V169;G1;Tuzun içinde şeker var.;;kanitsiz;K1;"Kanıtlarda şekerden söz edilmiyor; tat tuzlu ve acımsı."
V169;G3;"Potasyum sodyumla aynı grupta olduğu için klorürü sofra tuzuna benzer bir tuzlu tat verir; böylece sodyum alımı azalır";evet;;;
V169;G3;Potasyum klorür hiç tat vermediği için;;veri;K1;Tuz tuzlu ve biraz acımsı bir tat veriyor (K1).
V169;G3;Potasyum metali tansiyonu kendiliğinden düşürdüğü için;;kanitsiz;K2;"Tuzda metal potasyum değil, potasyum klorür var; amaç sodyum alımını azaltmak."
V169;G3;Potasyum klorür sodyumdan daha fazla sodyum içerdiği için;;veri;K2;"Potasyum klorür sodyum içermez; amaç sodyumu azaltmak."
V170;G1;Kabuk sirkedeki asitle tepkimeye girip gaz oluşturuyor.;evet;;;
V170;G1;Yumurtanın içindeki hava dışarı çıkıyor.;;kanitsiz;K1;"Kabarcıklar kabuğun yüzeyinde oluşuyor ve kabuk zamanla kayboluyor (K1); bu bir tepkimeyi gösteriyor."
V170;G1;Sirke kaynıyor.;;veri;K1;"Deney oda sıcaklığında yapıldı; kabarcıklar kaynamadan değil, kabukla tepkimeden geliyor."
V170;G3;"Yumurta kabuğu büyük ölçüde kalsiyum karbonattan yapılır; kalsiyum eksik olursa kabuk ince ve kırılgan olur";evet;;;
V170;G3;Kalsiyum yumurtanın sarısını renklendirdiği için;;kanitsiz;K2;"Kanıtlar kalsiyumun kabuktaki görevini anlatıyor (K2); sarının rengiyle ilgili bir bilgi yok."
V170;G3;Kalsiyum kabuğu sirkeye dayanıklı yaptığı için;;veri;K1;"Kabuk sirkede çözündü (K1); kalsiyum karbonat asitle tepkimeye girer."
V170;G3;Kalsiyum yumurtayı hafiflettiği için;;kanitsiz;K2;Kanıtlarda böyle bir bilgi yok.
V171;G1;Boya ışıkla ve zamanla kolay kolay bozulmayan, kararlı maddelerden yapılmış.;evet;;;
V171;G1;Boya her yıl yenilenmiştir.;;kanitsiz;K1;Resimlerin yenilendiğine dair bir kanıt yok.
V171;G1;Boya suda kolayca çözünür.;;veri;K1;Suda kolayca çözünen bir boya nemli bir mağarada on binlerce yıl kalamazdı (K1).
V171;G3;"Mineral bir boyadır; ışıkla ve zamanla bozulmaz ve kayaya sıkıca tutunur";evet;;;
V171;G3;Mangan oksit karanlıkta parladığı için;;kanitsiz;K2;Kanıtlarda böyle bir özellik yok.
V171;G3;Mangan oksit pillerde kullanıldığı için elektrikle korunduğu için;;iliski;K2;"Pillerde kullanılması manganın bugünkü bir kullanımıdır (K2); resmin dayanıklılığını açıklamaz."
V171;G3;Mangan oksit çok yumuşak olduğu için duvara işlediği için;;kanitsiz;K1;Kanıtlar boyanın dayanıklılığını vurguluyor (K1).
V172;G1;Taş büyük ölçüde mıknatısa çekilen yoğun bir metalden oluşuyor.;evet;;;
V172;G1;Taş sıradan bir kayaçtır.;;veri;K1;Sıradan kayaçlar bu kadar ağır değildir ve mıknatısa güçlü çekilmez (K1).
V172;G1;Taş içi boş bir taştır.;;veri;K1;"İçi boş bir taş daha hafif olurdu; bu taş çok ağır (K1)."
V172;G3;"Büyük ölçüde demir ve nikelden oluşurlar; bu metaller mıknatısa güçlü çekilir";evet;;;
V172;G3;Göktaşları uzayda mıknatıslandığı için;;kanitsiz;K1;"Kanıtlar taşın bileşimini gösteriyor; uzayda mıknatıslandığına dair bir bilgi yok."
V172;G3;Göktaşlarının çok sıcak olduğu için;;iliski;K1;"Mıknatısa çekilmek sıcaklıkla ilgili değil; hatta ısınan mıknatıslar zayıflar."
V172;G3;Göktaşları altından yapıldığı için;;veri;K5;"Altın mıknatısa çekilmez; ölçülen yoğunluk (K5) da altınınkinden çok düşük."
V173;G1;Hem tedarik riski oluşturur hem de bu metali kullanan ürünlerin üretiminde etik sorumluluk doğurur.;evet;;;
V173;G1;"Hiçbir önemi yoktur; yalnızca pilin çalışması önemlidir.";;kanitsiz;K2;"Kanıtlar üretimde insan hakları sorunları olduğunu gösteriyor (K2); bilim ve teknoloji bu sorunlardan bağımsız değildir."
V173;G1;Bu durum metalin daha ucuz olmasını garanti eder.;;kanitsiz;K2;"Üretimin tek bir yere bağlı olması fiyatları ve tedariki daha riskli yapar; ucuzluğu garanti etmez."
V173;G3;"Kobalt oksidin katmanlı yapısı lityum iyonlarını şarj ve kullanım sırasında defalarca alıp bırakabilir; pil çok enerji depolar";evet;;;
V173;G3;Kobalt pili mavi renge boyadığı için;;iliski;K1;Kobalt bileşikleri mavi olabilir ama pildeki görevi renk vermek değil, lityum iyonlarını tutmak (K1).
V173;G3;Kobalt radyoaktif olduğu için pile enerji verdiği için;;kanitsiz;K1;"Pildeki kobalt radyoaktif değildir; enerji kimyasal tepkimeden gelir."
V173;G3;Kobalt hiç tepkimeye girmediği için pili koruduğu için;;veri;K1;Katot, şarj ve kullanım sırasında kimyasal olarak değişiyor (K1).
V174;G1;Pildeki tepkimeler şarj edilince geri döndürülebiliyor (tersinir).;evet;;;
V174;G1;Pilin içinde hiç tepkime olmuyor.;;kanitsiz;K1;"Piller kimyasal tepkimelerle çalışır; şarj bu tepkimeleri tersine çevirir."
V174;G1;Pil her şarjda yeni maddelerle dolduruluyor.;;kanitsiz;K1;"Pil kapalıdır; içine yeni madde konmuyor. Şarj, mevcut maddeleri eski hâline döndürür."
V174;G3;"Nikel hidroksit elektrotu şarj ve boşalma sırasında defalarca tersinir tepkime verebilir; pil yüzlerce kez kullanılabilir";evet;;;
V174;G3;Nikel mıknatısa çekildiği için pili cihaza tutturduğu için;;iliski;K2;"Mıknatıslık (K2) pilin çalışmasıyla ilgili değil; önemli olan elektrotun tersinir tepkimesi."
V174;G3;Nikel hiç tepkimeye girmediği için;;veri;K1;Pil, elektrotlardaki tepkimelerle çalışıyor (K1).
V174;G3;Nikel radyoaktif olduğu için kendiliğinden elektrik ürettiği için;;kanitsiz;K1;"Nikel radyoaktif değildir; elektrik kimyasal tepkimeden gelir."
V175;G1;Alaşımlar, içindeki saf metallerden farklı ve daha kullanışlı özellikler gösterebilir.;evet;;;
V175;G1;Kalay, karıştırıldığı her metali yumuşatır.;;veri;K2;Kalay katılınca alaşım daha sert oldu (K2).
V175;G1;Alaşım ile saf metal arasında hiçbir fark yoktur.;;veri;K2;Alaşım daha sert ve daha düşük sıcaklıkta eriyor (K2).
V175;G3;"Bakıra kalay katılınca elde edilen tunç çok daha sert ve daha kolay dökülür; daha iyi aletler ve silahlar yapılabildi";evet;;;
V175;G3;Tunç bakırdan daha yumuşak olduğu için;;veri;K2;Tunç bakırdan daha sert (K2).
V175;G3;Tunç çok daha yüksek sıcaklıkta eridiği için;;veri;K2;Tunç bakırdan daha düşük sıcaklıkta erir (K2).
V175;G3;Tunç tamamen kalaydan yapıldığı için;;veri;K1;"Tunç büyük ölçüde bakırdır; yalnızca yaklaşık %10 kalay içerir (K1)."
V176;G1;Kabın metali pil çalışırken tepkimeye girerek tükendi.;evet;;;
V176;G1;Kap el fenerinin ısısıyla eridi.;;kanitsiz;K2;"Bir el feneri bir metali eritecek kadar ısınmaz; kanıtlar metalin tepkimeye girdiğini gösteriyor (K2)."
V176;G1;Kap hiç değişmedi.;;veri;K1;Kabın bazı yerleri incelmiş ve delinmiş (K1).
V176;G3;"Kolayca elektron verir; pilin eksi kutbu olarak akımın kaynağıdır ve ucuzdur";evet;;;
V176;G3;Çinko hiç tepkimeye girmediği için pili koruduğu için;;veri;K2;Çinko pil çalışırken tepkimeye giriyor ve tükeniyor (K1, K2).
V176;G3;Çinko elektron aldığı için pilin artı kutbu olduğu için;;veri;K2;Çinko elektron veriyor ve eksi kutup (K2).
V176;G3;Çinko çok ağır olduğu için pili sağlamlaştırdığı için;;iliski;K2;"Kabın ağırlığı akım üretimini açıklamaz; çinkonun görevi elektron vermek (K2)."
V177;G1;Bir malzeme bazı ışık türlerine saydam, bazılarına opak olabilir.;evet;;;
V177;G1;Mercek bozuk olduğu için koyu görünüyor.;;kanitsiz;K1;"Kamera yürüyüşçüyü buldu; mercek doğru çalışıyor."
V177;G1;Kızılötesi ışınlar görünür ışıkla tamamen aynıdır.;;veri;K1;"Mercek birini geçirip diğerini geçirmiyor (K1); demek ki farklı ışınlar."
V177;G3;"Görünür ışığı geçirmese de kızılötesi ışınları geçirir; sıcak cisimlerin görüntüsü bu ışınlarla oluşturulur";evet;;;
V177;G3;Germanyum karanlıkta parladığı için;;kanitsiz;K1;"Kanıtlarda böyle bir özellik yok; mercek ışık yaymıyor, kızılötesi ışınları geçiriyor (K1)."
V177;G3;Germanyum görünür ışığı çok iyi geçirdiği için;;veri;K1;Mercek görünür ışığı geçirmiyor (K1).
V177;G3;Germanyum transistörlerde kullanıldığı için;;iliski;K2;"Transistörler germanyumun eski bir kullanım alanıdır (K2); mercekteki görevini açıklamaz."
V178;G1;"Testin sonucu elementin varlığına bağlı; leke varsa element var, yoksa yok.";evet;;;
V178;G1;Test her örnekte leke oluşturur.;;veri;K1;Örnek elementi içermiyorsa leke oluşmuyor (K1).
V178;G1;Lekenin rengi elementin miktarını kesin olarak gösterir.;;kanitsiz;K1;"Kanıtlar lekenin elementin varlığını gösterdiğini söylüyor (K1); miktarını kesin olarak değil."
V178;G3;"Arseniğin çok küçük miktarlarını bile güvenilir biçimde gösterdi; zehirlenme şüphelerinde bilimsel kanıt toplamak mümkün oldu";evet;;;
V178;G3;Test arseniği zararsız hâle getirdiği için;;kanitsiz;K1;"Test arseniği bulur; zararsız hâle getirmez."
V178;G3;Test yalnızca büyük miktarlardaki arseniği bulabildiği için;;veri;K2;Test çok küçük miktarları bile ortaya çıkarabiliyordu (K2).
V178;G3;Arsenik parlak olduğu için gözle hemen görüldüğü için;;iliski;K2;"Arsenik zehirlenmeleri gözle fark edilemezdi; testin değeri görünmeyeni ortaya çıkarmasından geliyordu."
V179;G1;"Boya ışığın yalnızca bir kısmını soğurup elektriğe çeviriyor; geri kalanı geçiyor.";evet;;;
V179;G1;Pil hiç ışık soğurmuyor.;;veri;K1;Boya ışığın bir kısmını soğurup elektrik üretiyor (K1).
V179;G1;Pil bütün ışığı soğurduğu için siyah görünüyor.;;veri;K1;Pil yarı saydam ve kırmızımsı (K1).
V179;G3;Rutenyum içeren boya molekülleri görünür ışığın büyük kısmını soğurur ve elektronlarını yarı iletkene aktararak akım oluşturur;evet;;;
V179;G3;Rutenyum platini sertleştirdiği için pili sağlamlaştırdığı için;;iliski;K2;"Platin sertleştirmek rutenyumun başka bir kullanım alanıdır (K2); güneş pilindeki görevi ışığı soğurmak."
V179;G3;Rutenyum ışığı tamamen yansıttığı için;;veri;K1;"Boya ışığın bir kısmını soğuruyor (K1); yansıtsaydı elektrik üretemezdi."
V179;G3;Rutenyum radyoaktif olduğu için kendiliğinden elektrik ürettiği için;;kanitsiz;K1;Pilin elektriği ışıktan geliyor (K1).
V180;G1;Hidrojen atomları metalin içine girip atomlarının arasındaki boşluklara yerleşebiliyor.;evet;;;
V180;G1;Metal hidrojeni yakıyor.;;kanitsiz;K1;"Kanıtlarda yanmadan söz edilmiyor; metal hidrojeni emiyor."
V180;G1;Metal hidrojeni dışarı itiyor.;;veri;K1;Metal hidrojeni emiyor (K1).
V180;G3;"Isıtılınca yalnızca hidrojenin içinden geçmesine izin verir; diğer gazlar geçemez";evet;;;
V180;G3;Paladyum diğer gazları da hidrojene çevirdiği için;;kanitsiz;K2;"Paladyum gazları hidrojene çevirmez; yalnızca hidrojeni geçirir (K2)."
V180;G3;Paladyum hidrojenle tepkimeye girip onu yok ettiği için;;veri;K2;"Hidrojen paladyumun içinden geçiyor (K2); yok olmuyor."
V180;G3;Paladyum çok ucuz olduğu için;;kanitsiz;K2;"Paladyum değerli ve pahalı bir metaldir; seçilme nedeni seçici geçirgenliği."
V181;G1;Hastalığın nedeni madenden suya ve pirince geçen bir madde olabilir.;evet;;;
V181;G1;Hastalık bulaşıcıdır.;;kanitsiz;K1;"Hastalığın yeri kirli suyla bağlantılı (K1); bulaşıcı olduğuna dair bir kanıt yok."
V181;G1;Hastalığın nedeni pirincin kendisidir.;;veri;K1;Hastalık her pirinç yiyende değil, kirli suyla sulanan tarlaların çevresinde görülüyordu (K1).
V181;G3;Vücutta, özellikle böbreklerde birikir ve kemiklerden kalsiyum kaybına yol açar;evet;;;
V181;G3;Kadmiyum vücuttan hemen atıldığı için;;veri;K2;Kadmiyum vücutta birikir (K2).
V181;G3;Kadmiyum kemikleri güçlendirdiği için;;veri;K2;Kadmiyum kemiklerden kalsiyum kaybına yol açar (K2).
V181;G3;Kadmiyum radyoaktif olduğu için;;kanitsiz;K2;Kadmiyumun zararı radyoaktiflikten değil, zehirliliğinden gelir.
V182;G1;Disk silinip yeniden yazılabilir.;evet;;;
V182;G1;Disk yalnızca bir kez yazılabilir.;;veri;K1;Yapı geri dönebildiğine göre disk silinip yeniden yazılabilir (K1).
V182;G1;İki yapı ışığı aynı biçimde yansıtır.;;veri;K1;İki yapı ışığı farklı yansıtıyor (K1).
V182;G3;"Lazerle ısıtılınca kristal ve düzensiz hâller arasında defalarca geçiş yapabilir; iki hâl ışığı farklı yansıttığı için veri okunabilir";evet;;;
V182;G3;Tellür hiç ısınmadığı için;;veri;K1;Kayıt katmanı lazerle ısıtılıyor (K1).
V182;G3;Tellür güneş panellerinde kullanıldığı için diske elektrik verdiği için;;iliski;K2;"Güneş panelleri tellürün başka bir kullanım alanıdır (K2); diskteki görevini açıklamaz."
V182;G3;Tellür ışığı hiç yansıtmadığı için;;veri;K1;"İki yapı ışığı farklı yansıtıyor (K1); hiç yansıtmasaydı veri okunamazdı."
V183;G1;Bu madde gaz hâlinden doğrudan katı hâle geçebiliyor (tersi de süblimleşme).;evet;;;
V183;G1;Madde önce erimiş, sonra donmuştur.;;veri;K2;Duman sıvıya dönüşmeden doğrudan kristale dönüştü (K2).
V183;G1;Kristaller yosunun kendisidir.;;kanitsiz;K2;"Kristaller yükselen dumanlardan oluştu (K2); yosundan değil."
V183;G3;"Deniz yosunları denizdeki iyotu bünyelerinde biriktirir; külleri iyot bakımından zengindir";evet;;;
V183;G3;Yosun külü iyotu kendisi ürettiği için;;kanitsiz;K1;Yosunlar iyotu üretmez, denizden alıp biriktirir.
V183;G3;İyot havada çok bol bulunduğu için;;kanitsiz;K1;"Kanıtlarda böyle bir bilgi yok; iyot yosun külünden elde edildi."
V183;G3;Sülfürik asit iyot elementi oluşturduğu için;;iliski;K1;"Asit yeni bir element oluşturmaz; yalnızca küldeki iyot bileşiklerinden iyotu açığa çıkarır."
V184;G1;Işık, kızgın bir telden değil, elektrik geçen gazın atomlarından geliyor.;evet;;;
V184;G1;Işık ampulün camından geliyor.;;kanitsiz;K2;Kanıtlar ışığın gazın içindeki arktan geldiğini söylüyor (K2).
V184;G1;Ampul ışığı güneşten depolamış.;;kanitsiz;K1;"Far elektrikle çalışıyor; güneş ışığı depolamıyor."
V184;G3;"Elektrik arkıyla uyarılınca gün ışığına yakın, çok parlak bir ışık verir; tepkimeye girmediği için ampul uzun ömürlüdür";evet;;;
V184;G3;Ksenon yanıcı olduğu için alev verdiği için;;kanitsiz;K2;"Ksenon bir soy gazdır ve yanmaz; ışık arktan gelir (K2)."
V184;G3;Ksenon kırmızı ışık verdiği için;;veri;K1;Farın ışığı mavimsi beyaz (K1).
V184;G3;Ksenon ampulün içindeki teli soğuttuğu için;;veri;K1;Ampulde tel (filaman) yok (K1).
V185;G1;"Radyoaktif madde ellerle, sularla ve eşyalarla hızla yayıldı; birçok kişi farkında olmadan maruz kaldı.";evet;;;
V185;G1;Suda çözünen madde radyoaktifliğini kaybeder.;;veri;K1;"Çözünmek radyoaktifliği yok etmez; tam tersine maddenin yayılmasını kolaylaştırdı (K1)."
V185;G1;Toz yalnızca tek bir kişiye zarar verdi.;;veri;K1;"Toz hızla yayıldı (K1); hikâyeye göre yüzlerce kişi maruz kaldı."
V185;G3;Radyoaktif kaynaklar kullanılmadığında bile güvenli biçimde saklanmalı, kayıt altında tutulmalı ve işaretlenmelidir;evet;;;
V185;G3;Radyoaktif kaynaklar terk edilince zamanla tamamen zararsız olur;;veri;K2;"Bu izotopun yarılanma süresi yaklaşık 30 yıl (K2); terk edilen kaynak onlarca yıl tehlikeli kalır."
V185;G3;Parlayan maddeler her zaman zararsızdır;;kanitsiz;K1;"Toz parlıyordu ama ölümcüldü; parlaklık bir maddenin güvenli olduğunu göstermez."
V185;G3;Sezyum suda çözünmediği için kaza kendiliğinden sınırlı kaldı;;veri;K1;Toz suda kolayca çözünüyordu (K1) ve hızla yayıldı.
V186;G1;Mıknatıslar küçük boyutlarına göre çok güçlü bir manyetik alan oluşturuyor.;evet;;;
V186;G1;Motorun gücü mıknatıslardan bağımsızdır.;;kanitsiz;K1;Mühendis motorun gücünü mıknatıslara bağlıyor (hikâye, K1).
V186;G1;Mıknatıslar çok zayıf olduğu için motor küçük.;;veri;K1;Mıknatıslar çok güçlü (K1).
V186;G3;Çok güçlü oldukları için küçük ve hafif bir motor yüksek güç üretebilir;evet;;;
V186;G3;Neodim mıknatıslar hiç manyetik olmadığı için;;veri;K1;Mıknatıslar çok güçlü (K1).
V186;G3;Neodim radyoaktif olduğu için motora enerji verdiği için;;kanitsiz;K2;"Neodim radyoaktif değildir; motorun enerjisi bataryadan gelir."
V186;G3;Mıknatıslar tamamen neodimden yapıldığı için;;veri;K2;Mıknatıs demir, bor ve neodimin alaşımı (K2).
V187;G1;Kullandığımız cihazların hammaddelerinin nereden ve nasıl geldiği etik bir sorumluluk doğurur.;evet;;;
V187;G1;Cihazın nereden geldiği önemli değildir.;;kanitsiz;K2;Kanıtlar hammadde üretiminin insanların yaşamını etkilediğini gösteriyor (K2).
V187;G1;Bu durum telefonların daha iyi çalışmasını sağlar.;;iliski;K2;"Madenlerdeki çatışmalar cihazın çalışmasıyla ilgili değil; bu bir etik sorundur."
V187;G3;"Tantalın yüzeyindeki çok ince oksit tabakası iyi bir yalıtkandır; küçük hacimde çok yüksek kapasite elde edilir";evet;;;
V187;G3;Tantal elektriği hiç iletmediği için;;kanitsiz;K1;"Tantal bir metaldir ve elektriği iletir; yalıtkan olan yüzeyindeki oksit tabakası (K1)."
V187;G3;Tantal kapasitörler çok büyük olduğu için;;veri;K1;Kapasitörler pirinç tanesi büyüklüğünde (K1).
V187;G3;Koltan cevheri çatışma bölgelerinden geldiği için ucuz olduğu için;;iliski;K2;"Cevherin kaynağı bir etik sorundur (K2); tantalın teknik üstünlüğünü açıklamaz."
V188;G1;O dönemde bu metalin bol olduğu bir kaynaktan (örneğin bir göktaşından) gelen malzeme kısa sürede çökmüş olabilir.;evet;;;
V188;G1;Metal bütün kayaçlarda aynı miktarda bulunur.;;veri;K1;Metal yalnızca bu tabakada kat kat fazla (K1).
V188;G1;Tabaka milyonlarca yıl boyunca yavaşça oluştu.;;kanitsiz;K1;"Tabaka çok ince; kanıtlar kısa sürede biriken bir olayı düşündürüyor."
V188;G3;"İridyum yer kabuğunda çok nadir ama göktaşlarında boldur; dünyanın birçok yerinde aynı yaşlı tabakada bulunması dev bir çarpmanın toz bulutunu gösterir";evet;;;
V188;G3;İridyum dinozorların kemiklerinde bulunduğu için;;kanitsiz;K1;"İridyum kil tabakasında bulundu (K1); kemiklerde değil."
V188;G3;İridyum yer kabuğunda çok bol olduğu için;;veri;K2;İridyum yer kabuğunda çok nadirdir (K2).
V188;G3;İridyum korozyona dayanıklı olduğu için dinozorları koruyamadığı için;;iliski;K2;Korozyon direnci iridyumun bir özelliğidir (K2) ama dinozorların yok oluşuyla neden-sonuç bağı kurmaz.
V189;G1;Silindirin kütlesi çok az da olsa değişirse, dünyadaki bütün ölçümler de değişmiş olurdu.;evet;;;
V189;G1;"Hiçbir sorun yaratmazdı; silindir sonsuza kadar aynı kalır.";;kanitsiz;K1;"Hiçbir nesne kesinlikle değişmez değildir; yüzeyine toz ya da gaz tutunabilir."
V189;G1;Silindir çok büyük olduğu için taşınamazdı.;;kanitsiz;K1;"Kanıtlarda silindirin büyüklüğünden söz edilmiyor; sorun tek bir nesneye bağlı olmak."
V189;G3;"Çok yoğun olduğu için küçük bir silindir 1 kg olabilir; neredeyse hiç tepkimeye girmez ve aşınmaz, kütlesi korunur";evet;;;
V189;G3;Platin çok hafif olduğu için;;veri;K2;Alaşım çok yoğun (K2).
V189;G3;Platin havadaki oksijenle hızla tepkimeye girdiği için;;veri;K2;Alaşım neredeyse hiç tepkimeye girmiyor (K2).
V189;G3;Platin çok ucuz olduğu için;;kanitsiz;K2;"Platin çok değerli bir metaldir; seçilme nedeni dayanıklılığı (K2)."
V190;G1;Zehir besin yoluyla, yani balıklar aracılığıyla geçiyor olabilir.;evet;;;
V190;G1;Hastalık havadan bulaşıyor.;;kanitsiz;K1;"Hastalık balık yiyen canlılarda görülüyor (K1); havadan bulaştığına dair bir kanıt yok."
V190;G1;Kediler hastalığı insanlara bulaştırdı.;;kanitsiz;K1;Ortak nokta kedilerin ve insanların aynı balıkları yemesi (K1).
V190;G3;"Metil cıva canlıların vücudundan kolay atılamaz; besin zincirinin her basamağında birikerek artar";evet;;;
V190;G3;Cıva sudan buharlaşıp kaybolduğu için;;veri;K2;"Cıva bileşikleri balıklarda birikiyor (K2); kaybolmuyor."
V190;G3;Cıva yalnızca kedilere zararlı olduğu için;;veri;K1;İnsanlarda da ağır hastalıklar görüldü (K1).
V190;G3;Cıva vücutta hemen atıldığı için;;veri;K2;Cıva bileşikleri birikiyor (K2).
V191;G1;"Gözlemlerden yola çıkarak bir hipotez kurmaya; hipotez daha sonra testlerle doğrulandı.";evet;;;
V191;G1;Kesin bir kanıta.;;kanitsiz;K1;"Benzerlik bir hipotez kurdurur; kesin kanıt ancak testlerle elde edildi."
V191;G1;Bilimle ilgisi olmayan bir tahmine.;;veri;K1;Hemşire belirtileri dikkatle karşılaştırıp bir hipotez kurdu ve hipotez testlerle doğrulandı.
V191;G3;"Kokusuz ve tatsızdır, fark edilmeden yiyeceğe karışabilir; vücutta potasyumun yerine geçerek hücrelere zarar verir";evet;;;
V191;G3;Talyum çok kötü koktuğu için;;veri;K2;Talyum tuzları kokusuz ve tatsız (K2).
V191;G3;Talyum vücuttan hemen atıldığı için;;kanitsiz;K1;"Kanıtlarda böyle bir bilgi yok; talyum ağır hasara yol açıyor (K1)."
V191;G3;Talyum radyoaktif olduğu için;;kanitsiz;K2;Talyumun zararı radyoaktiflikten değil, kimyasal zehirliliğinden gelir.
V192;G1;Plakalar çok yoğun bir metalden yapılmış.;evet;;;
V192;G1;Akü içi boş olduğu için ağırdır.;;veri;K1;"İçi boş bir kutu hafif olurdu; akünün içi metal plakalar ve asitle dolu (K1)."
V192;G1;Akünün ağırlığı yalnızca asitten gelir.;;kanitsiz;K2;"Plakaların metali çok yoğun (K2); ağırlığın büyük kısmı plakalardan gelir."
V192;G3;"Kurşun ve kurşun dioksit plakaları sülfürik asitte tersinir tepkime verir; akü yüksek akım verebilir ve yeniden şarj edilebilir";evet;;;
V192;G3;Kurşun hafif olduğu için arabayı hafiflettiği için;;veri;K1;"Akü çok ağır (K1); kurşun çok yoğun bir metaldir."
V192;G3;Kurşun asitle hiç tepkimeye girmediği için;;veri;K1;Akü, plakaların asitle tepkimesiyle çalışır.
V192;G3;Kurşun radyasyonu durdurduğu için aküyü koruduğu için;;iliski;K2;"Radyasyonu durdurmak kurşunun başka bir kullanım alanıdır; aküdeki görevini açıklamaz."
V193;G1;"Kandaki metalin önemli bir kaynağı benzindi; kaynak kesilince miktar azaldı.";evet;;;
V193;G1;Benzin ile kandaki metal arasında hiçbir ilişki yoktur.;;veri;K2;"Yasaktan sonra kandaki miktar belirgin biçimde azaldı (K2); bu bir ilişki olduğunu gösteriyor."
V193;G1;Çocuklar yasaktan sonra daha az süt içti.;;kanitsiz;K2;"Kanıtlarda böyle bir bilgi yok; değişim benzin yasağıyla zamanlıyor."
V193;G3;"Kurşun zehirlidir; egzozla havaya yayılıp insanlar, özellikle çocuklar tarafından solunuyor ve sinir sistemine zarar veriyordu";evet;;;
V193;G3;Kurşun motoru çok hızlandırdığı için;;iliski;K1;"Kurşun bileşiği vuruntuyu azaltmak için katılıyordu; çıkarılma nedeni zehirliliği."
V193;G3;Kurşun çok pahalı olduğu için;;kanitsiz;K2;"Kanıtlar sağlık etkisini gösteriyor (K1, K2); fiyattan söz etmiyor."
V193;G3;Kurşun havada hemen kaybolduğu için;;veri;K1;Kurşun havadan çocukların kanına geçiyordu (K1).
V194;G1;"Renkler, ışığın çok ince tabakada yansımasıyla oluşuyor; sabun köpüğündeki renkler gibi.";evet;;;
V194;G1;Kristal gökkuşağı renklerine boyanmıştır.;;veri;K2;Renkler boyadan gelmiyor (K2).
V194;G1;Metalin kendisi gökkuşağı renklidir.;;veri;K2;Renkler metalden değil, yüzeyindeki oksit tabakasından geliyor (K2).
V194;G3;Kurşuna yakın yoğunlukta ama zehirliliği çok düşük bir metal olduğu için balık ağırlıklarında, av saçmalarında ve kurşunsuz lehimlerde;evet;;;
V194;G3;Bizmut kurşundan çok daha hafif olduğu için;;veri;K5;"Ölçülen yoğunluk (K5) kurşununkine yakın; bizmut ağır bir metaldir."
V194;G3;Bizmut çok zehirli olduğu için;;kanitsiz;K1;"Bizmutun zehirliliği çok düşüktür; bu yüzden kurşunun yerine kullanılır."
V194;G3;Bizmut gökkuşağı renkli olduğu için;;iliski;K2;"Renkler oksit tabakasından geliyor (K2); kurşunun yerine kullanılmasının nedeni değil."
V195;G1;Tuz, güneş ışığına gerek olmadan kendiliğinden görünmez ışınlar yayıyor.;evet;;;
V195;G1;Plaka güneş ışığıyla karardı.;;veri;K1;"Plaka çekmecede, siyah kâğıda sarılıydı (K1); güneş görmedi."
V195;G1;Plaka zaten bozuktu.;;kanitsiz;K1;"Kararma tuzun bulunduğu yerde oluştu; plakanın bozuk olduğuna dair bir kanıt yok."
V195;G3;Bazı elementlerin kendiliğinden görünmez ışınlar yaydığını, yani radyoaktifliği ortaya çıkardı;evet;;;
V195;G3;Uranyumun güneş ışığıyla parladığını kanıtladığı için;;veri;K1;"Plaka güneş görmediği hâlde karardı (K1); ışınım güneşten bağımsızdı."
V195;G3;Fotoğraf makinesini icat ettiği için;;kanitsiz;K1;"Fotoğraf plakaları Becquerel'den önce de vardı; keşfi radyoaktiflikti."
V195;G3;Uranyumun hiç ışınım yapmadığını gösterdiği için;;veri;K2;Uranyum tuzu plakayı karartacak ışınım yaptı (K2).
V196;G1;"İzotop çok yavaş bozunuyor; ısı üretimi yıllarca neredeyse sabit kalıyor.";evet;;;
V196;G1;İzotop birkaç günde bitiyor.;;veri;K2;"Piller 30 yıldan uzun çalıştı (K1); izotopun yarılanma süresi yaklaşık 88 yıl (K2)."
V196;G1;Pil her yıl yeniden dolduruluyor.;;kanitsiz;K1;Piller değiştirilmeden çalıştı (K1).
V196;G3;"Yarılanma süresi uzun olduğu için yıllarca sabite yakın ısı verir; alfa ışınları kolayca durdurulduğu için kapsül içinde güvenle taşınabilir";evet;;;
V196;G3;Plütonyum hiç radyoaktif olmadığı için;;veri;K2;Kapsül radyoaktif bozunmayla ısı üretiyor (hikâye, K2).
V196;G3;Alfa ışınları vücudun her yerine kolayca ulaşabildiği için;;veri;K2;Alfa parçacıkları kapsülün ince duvarından bile geçemiyor (K2).
V196;G3;Plütonyum birkaç ayda bütün enerjisini verdiği için;;veri;K2;Yarılanma süresi yaklaşık 88 yıl (K2).
V197;G1;Yüzeyde yalıtkan bir tabaka oluşmadığı için elektrik bağlantısı bozulmuyor.;evet;;;
V197;G1;Kararma bağlantıyı güçlendirir.;;iliski;K1;"Kararma, yüzeyde elektriği iyi iletmeyen bir tabaka oluşturur; bağlantıyı zayıflatır."
V197;G1;Uçların rengi bilgisayarın hızını belirler.;;iliski;K1;"Renk bilgisayarın hızını belirlemez; önemli olan yüzeyin iyi iletmesi."
V197;G3;"Altın kararmaz ve paslanmaz; yüzeyde yalıtkan bir tabaka oluşmadığı için bağlantı yıllarca iyi iletir";evet;;;
V197;G3;Altın elektriği hiç iletmediği için;;veri;K2;Kaplama metali elektriği çok iyi iletiyor (K2).
V197;G3;Altın havadaki oksijenle hızla tepkimeye girdiği için;;veri;K2;Altın neredeyse hiçbir maddeyle tepkimeye girmiyor (K2).
V197;G3;Altın kaplama kartı daha değerli göstermek için yapıldığı için;;iliski;K1;"Kaplama çok ince ve görünüş için değil; amaç güvenilir bir elektrik bağlantısı."
V198;G1;"Morötesi ışık gözle görülmez; toz olmasaydı ampul odayı aydınlatamazdı.";evet;;;
V198;G1;Morötesi ışık zaten görünür ışıktır.;;veri;K1;"Morötesi ışık görünmez (K1); toz onu görünür ışığa çeviriyor."
V198;G1;Toz ampulü soğutmak için konmuştur.;;kanitsiz;K1;Kanıtlar tozun ışığı dönüştürdüğünü söylüyor (K1).
V198;G3;"Morötesi ışığı soğurup parlak yeşil ışık olarak yayar; kırmızı ve mavi ile birleşince beyaz ışık oluşur";evet;;;
V198;G3;Terbiyum ampulü hoparlöre çevirdiği için;;iliski;K2;"Hoparlör etkisi terbiyumun başka bir alaşımının özelliğidir (K2); ampuldeki görevi yeşil ışık vermek."
V198;G3;Terbiyum morötesi ışığı artırdığı için;;veri;K1;Toz morötesi ışığı görünür ışığa çeviriyor (K1).
V198;G3;Terbiyum ampulü radyoaktif yaptığı için;;kanitsiz;K1;Kanıtlarda böyle bir bilgi yok.
V199;G1;Soğutulan seramik, mıknatısın manyetik alanını dışarı iterek onu havada tutuyor.;evet;;;
V199;G1;Mıknatıs çok hafif olduğu için uçuyor.;;kanitsiz;K1;"Mıknatıs seramik soğutulunca havada kalıyor (K1); hafiflikle açıklanamaz."
V199;G1;Seramik mıknatısı çekiyor.;;veri;K1;Mıknatıs seramiğe yapışmıyor, üzerinde havada duruyor (K1).
V199;G3;"Ucuz ve kolay bulunan sıvı azotla soğutulunca süper iletken oluyordu; önceki süper iletkenler çok daha pahalı sıvı helyum gerektiriyordu";evet;;;
V199;G3;Oda sıcaklığında süper iletken olduğu için;;veri;K1;Seramik ancak sıvı azotla (−196 °C) soğutulunca süper iletken oluyor (K1).
V199;G3;İtriyum radyoaktif olduğu için;;kanitsiz;K1;"Kanıtlarda böyle bir bilgi yok; önemli olan soğutma sıcaklığı."
V199;G3;İtriyum LED'lerde kullanıldığı için;;iliski;K2;"LED'ler itriyumun başka bir kullanım alanıdır (K2); buluşun önemini açıklamaz."
